Date,Open,High,Low,Close,Volume (BTC),Volume (Currency),Weighted Price
2015-02-04,228.77,230.25,221.85,227.11,3344.12078291,757807.645062,226.608933785
2015-05-11,241.59,245.49,239.5,242.86,6176.48124216,1498051.62221,242.54127285
2015-05-12,242.74,243.4,240.37,242.03,6322.57141234,1531045.87609,242.155568713
2015-05-13,242.04,244.13,235.54,236.32,10028.9468827,2424122.91549,241.712608894
2015-05-14,236.93,240.0,232.61,237.46,10365.9680408,2462002.45882,237.50820465
2015-05-15,237.39,239.0,236.89,237.82,9086.29472672,2161201.59545,237.852904892
2015-05-16,237.91,237.99,235.48,236.73,2739.83077381,650616.078105,237.465789612
2015-05-17,236.72,238.45,236.7,237.12,4917.8941314,1167794.87763,237.458319847
2015-05-18,237.1,237.89,231.66,234.04,7092.73376658,1674027.61805,236.020083813
2015-05-19,234.04,234.92,231.53,232.59,6915.07305287,1613239.62628,233.293215262
2015-05-20,232.58,235.0,232.54,234.54,7055.61717952,1650580.66479,233.938523419
2015-05-21,234.55,236.74,234.16,235.77,6237.93365231,1469432.59149,235.563998176
2015-05-22,235.77,242.0,235.11,240.45,7695.08723864,1838029.90439,238.857578528
2015-05-23,240.41,240.64,237.89,239.36,3726.99014521,892977.238426,239.597424097
2015-05-24,239.38,242.0,238.27,240.82,3406.31213942,818982.647046,240.430886403
2015-05-25,240.68,241.4,236.71,237.43,3984.51485195,950321.278307,238.503635604
2015-05-26,237.39,238.34,235.81,236.79,6216.5976611,1476792.69091,237.556420959
2015-05-27,236.8,238.75,236.47,237.35,6580.30609489,1562854.64102,237.504854407
2015-05-28,237.35,238.48,236.23,237.34,6022.72194413,1429130.27701,237.28976537
2015-05-29,237.25,237.68,235.01,236.89,6398.99136435,1515234.11037,236.792648105
2015-05-30,236.89,236.99,231.0,233.55,6280.90799929,1468957.23274,233.87657213
2015-05-31,233.61,233.94,229.55,230.21,5913.05798545,1372652.46826,232.139186127
2015-06-01,230.18,230.99,221.58,223.56,10192.0176466,2305231.6918,226.180111902
2015-06-02,223.55,226.68,221.84,225.85,9003.13139658,2023694.15435,224.776698819
2015-06-03,225.83,227.45,223.82,225.86,6865.973523,1552029.36017,226.046511098
2015-06-04,225.85,226.07,223.56,224.57,5968.04396352,1343792.43484,225.164634017
2015-06-05,224.57,226.74,223.01,224.97,6597.81297231,1484538.5469,225.004642163
2015-06-06,225.03,225.61,224.27,225.48,3610.50147451,812328.738466,224.990557185
2015-06-07,225.48,226.09,222.88,223.89,3622.8028596,813233.588447,224.476357109
2015-06-08,223.88,230.16,223.63,229.1,6964.0648522,1582657.98583,227.260661614
2015-06-09,229.1,232.06,228.31,229.18,6346.6306686,1460344.95208,230.097673606
2015-06-10,229.31,230.45,227.98,228.73,5978.99455875,1369542.81096,229.059049561
2015-06-11,228.79,230.92,228.7,229.69,5605.95005072,1287633.58427,229.690520362
2015-06-12,229.68,231.32,229.01,229.47,6060.53162572,1394308.52515,230.063732237
2015-06-13,229.21,233.49,228.79,233.47,4139.5737215,957524.602967,231.309953002
2015-06-14,233.49,235.0,232.53,233.6,2314.73634054,540910.006871,233.681044963
2015-06-15,233.61,238.5,233.6,236.99,6051.86252839,1430992.43538,236.454881232
2015-06-16,236.92,253.26,236.01,251.91,10434.1481481,2551107.89701,244.496039426
2015-06-17,251.88,259.46,247.0,250.25,9886.2009048,2490858.92069,251.953095499
2015-06-18,250.18,253.29,243.51,249.27,8234.70571275,2054765.00465,249.52500749
2015-06-19,249.33,251.05,245.04,246.33,6096.25794923,1513934.87559,248.338388599
2015-06-20,246.33,246.99,240.46,246.13,4371.21458011,1067504.86059,244.212413056
2015-06-21,246.08,246.98,242.0,244.66,3694.45385093,902762.587864,244.356168541
2015-06-22,244.66,248.5,243.86,247.5,5569.60351861,1372558.01721,246.437293538
2015-06-23,247.48,248.06,243.01,244.52,5297.1415872,1298934.01831,245.214139914
2015-06-24,244.54,244.92,239.51,240.04,5323.51072526,1288907.01394,242.11597956
2015-06-25,240.14,243.44,239.91,242.44,5678.55548776,1373799.76597,241.927681949
2015-06-26,242.46,243.1,239.91,243.0,6539.24758549,1581840.46743,241.899461177
2015-06-27,242.99,252.22,242.6,251.59,5287.8661909,1306859.74932,247.143120144
2015-06-28,251.46,251.87,247.51,249.11,4290.97455352,1072192.35313,249.871524466
2015-06-29,249.11,257.99,249.09,257.54,10401.5087281,2645225.77747,254.311739442
2015-06-30,257.53,269.39,255.91,263.82,12009.7861067,3158012.37676,262.953257343
2015-07-01,263.83,265.45,255.12,259.02,8238.7119877,2139636.96532,259.705275354
2015-07-02,258.96,262.0,253.0,254.85,6283.48126529,1616638.04464,257.283817105
2015-07-03,254.86,257.37,252.77,256.95,4782.98346498,1221770.39867,255.441066777
2015-07-04,256.94,261.0,254.4,260.64,4091.5562419,1052865.66332,257.326455039
2015-07-05,260.64,275.25,258.99,271.74,8452.80236186,2261217.51729,267.510988722
2015-07-06,272.17,277.88,268.27,269.94,10013.5785874,2734817.61135,273.110915093
2015-07-07,269.78,272.11,264.5,266.18,6984.3821578,1874406.9817,268.371194381
2015-07-08,266.18,273.97,264.41,270.97,7798.11588097,2103312.99199,269.720663824
2015-07-09,271.5,272.5,267.1,269.75,6970.30224745,1883068.4813,270.155929321
2015-07-10,269.77,294.71,269.0,286.67,15892.7509272,4531562.90489,285.133953563
2015-07-11,286.71,299.0,284.5,294.23,8509.60783548,2491607.45967,292.799328458
2015-07-12,294.29,316.52,293.5,312.16,12918.2274397,3959207.62653,306.482266627
2015-07-13,312.19,312.91,281.62,293.08,12936.002783,3789081.78472,292.909784288
2015-07-14,292.93,297.78,286.25,287.51,7146.06148146,2084416.43568,291.687447846
2015-07-15,287.48,294.11,284.98,285.7,7589.8114526,2205205.46762,290.548122492
2015-07-16,285.7,292.78,275.0,279.38,8604.68123348,2421142.37356,281.375022254
2015-07-17,279.38,281.38,272.64,280.58,6977.01744653,1941566.65849,278.280321551
2015-07-18,280.14,282.71,276.34,277.71,4279.26089921,1193944.6161,279.007203398
2015-07-19,277.71,278.48,275.0,275.61,3464.18667592,958346.348496,276.643968166
2015-07-20,275.6,280.0,273.34,280.0,5476.63658855,1519929.43314,277.52972259
2015-07-21,279.96,281.27,276.85,277.32,4943.55943437,1382514.99362,279.659830528
2015-07-22,277.33,278.54,275.01,277.89,4687.90938331,1298309.29273,276.948461792
2015-07-23,277.96,279.75,276.28,277.39,5306.91957531,1473235.08119,277.606445751
2015-07-24,277.23,291.52,276.43,289.12,7362.46908295,2096723.80979,284.785414535
2015-07-25,289.12,291.67,286.82,289.7,4102.45296008,1186179.25715,289.13902699
2015-07-26,289.68,294.49,288.65,293.89,3735.24660255,1091046.91906,292.095016784
2015-07-27,293.88,297.0,287.24,294.21,6461.0331349,1887811.12612,292.184096058
2015-07-28,294.22,298.0,293.65,295.76,5761.8696177,1704791.05919,295.874633114
2015-07-29,295.74,296.58,289.01,290.19,5223.50717064,1526595.74245,292.254933816
2015-07-30,290.26,291.56,286.56,288.49,5138.98154856,1483053.52803,288.58899648
2015-07-31,288.49,290.0,282.79,285.19,5676.61845893,1622595.61353,285.838413357
2015-08-01,285.2,285.6,277.26,281.53,3932.44975145,1106503.71888,281.377713339
2015-08-02,281.53,282.62,277.33,282.62,3361.0866893,943162.298711,280.612309618
2015-08-03,282.62,285.86,280.27,280.95,4741.72910667,1344065.54518,283.454730319
2015-08-04,280.95,286.47,280.11,285.51,5580.22052955,1586614.46122,284.32827212
2015-08-05,285.6,286.25,282.01,282.77,5765.48779667,1635723.06034,283.709395984
2015-08-06,282.44,282.61,278.95,279.65,5027.85564067,1408962.10635,280.231217251
2015-08-07,279.37,281.17,277.05,279.94,5212.45690065,1457132.01938,279.548022584
2015-08-08,280.06,280.16,260.07,262.02,6085.44943664,1650576.62578,271.233315298
2015-08-09,262.02,268.8,260.97,267.63,5046.97687512,1336980.78907,264.907254809
2015-08-10,267.6,268.89,263.17,265.15,5478.58214893,1455102.35907,265.598346345
2015-08-11,265.15,271.99,264.91,271.99,5796.14479285,1546741.34866,266.856920236
2015-08-12,271.99,272.4,265.79,266.94,6350.25601895,1709658.86465,269.22676181
2015-08-13,266.81,267.82,262.94,264.67,5343.42301753,1417633.60602,265.304394087
2015-08-14,264.48,267.98,262.5,266.17,6859.07697033,1824477.33342,265.994585177
2015-08-15,266.21,267.69,261.77,262.46,4116.06182042,1094804.45771,265.983482629
2015-08-16,262.45,263.1,255.67,259.2,5493.63748757,1427070.46404,259.767861871
2015-08-17,259.2,261.57,255.58,257.31,6966.79970621,1801424.38316,258.572724799
2015-08-18,257.56,258.04,200.0,221.99,11541.7972951,2838673.05874,245.947228681
2015-08-19,221.99,238.99,214.91,227.34,13329.6903361,3079077.74537,230.993944176
2015-08-20,227.46,238.2,227.45,235.56,8819.52508175,2061552.5472,233.748702803
2015-08-21,235.56,236.99,231.15,232.85,8328.5779028,1951941.91378,234.366771441
2015-08-22,232.85,235.53,222.68,231.15,7197.34948925,1647910.50721,228.960745851
2015-08-23,231.16,233.25,226.15,229.21,4312.6376901,991900.601965,229.99859326
2015-08-24,229.23,229.24,210.0,211.16,16523.7894449,3612811.22753,218.643020088
2015-08-25,211.16,229.49,198.02,223.73,19685.2057803,4199005.68867,213.307685758
2015-08-26,223.73,231.97,220.16,226.81,9756.26262065,2213055.45509,226.834346423
2015-08-27,226.72,229.99,224.0,225.8,7891.14647013,1788909.52958,226.698305037
2015-08-28,225.62,236.18,221.2,231.55,9155.34886512,2106216.6406,230.05312759
2015-08-29,231.55,233.95,228.0,230.61,4469.25113064,1031145.81491,230.720043418
2015-08-30,230.61,233.47,226.59,229.39,4975.99074234,1140440.21987,229.188573477
2015-08-31,229.4,233.0,225.23,230.75,6986.51571867,1607459.15807,230.080232092
2015-09-01,230.76,233.5,226.42,228.22,8599.28297275,1967839.64325,228.837642566
2015-09-02,228.22,231.43,226.43,229.97,7461.09419833,1709270.70389,229.091157203
2015-09-03,229.95,230.79,226.48,227.25,6669.72158489,1521114.4082,228.062654316
2015-09-04,227.24,232.49,227.24,231.39,7070.63136039,1627690.70302,230.204435793
2015-09-05,231.43,237.24,230.12,236.01,5615.31975395,1313413.6558,233.89828422
2015-09-06,236.17,244.82,235.54,241.29,5273.5396927,1270903.67964,240.996323855
2015-09-07,241.26,242.98,239.21,241.31,4902.58116068,1182148.81417,241.127841727
2015-09-08,241.31,247.82,240.31,244.14,8297.98385459,2023292.34351,243.829390243
2015-09-09,244.24,244.69,238.6,238.75,6819.43626768,1643533.15282,241.00718715
2015-09-10,238.74,241.4,236.69,238.52,5812.39815317,1389488.00546,239.055888609
2015-09-11,238.55,241.54,238.5,240.9,5856.64280098,1408540.78842,240.503106692
2015-09-12,240.9,241.12,235.26,236.5,5480.20471378,1307125.94823,238.517722695
2015-09-13,236.5,236.91,229.72,230.82,5004.42997556,1165192.60688,232.832233156
2015-09-14,230.83,233.99,228.01,231.01,7984.56251326,1847332.70521,231.363046145
2015-09-15,231.02,232.43,230.26,230.6,7118.30792605,1645238.7833,231.127790536
2015-09-16,230.67,232.0,226.85,229.73,7655.65298843,1756038.8255,229.378059345
2015-09-17,229.72,235.93,229.01,233.34,7527.99830632,1746861.4176,232.048593333
2015-09-18,233.31,234.96,231.75,233.78,4688.4507946,1095142.05476,233.582925947
2015-09-19,233.78,234.31,232.0,232.88,3604.57190273,839544.689195,232.911067347
2015-09-20,232.88,234.0,231.84,232.24,3683.55398908,856661.090569,232.563739559
2015-09-21,232.26,233.64,226.87,227.31,7599.80481578,1739674.59149,228.91043042
2015-09-22,227.31,232.5,224.45,231.28,8900.96660186,2046355.01736,229.902561025
2015-09-23,231.31,233.0,229.27,230.26,6357.67604853,1469145.04171,231.082085733
2015-09-24,230.26,235.99,230.09,235.27,9375.09414213,2184249.976,232.984324518
2015-09-25,235.35,237.62,234.02,235.89,6186.86283845,1460191.0947,236.014783716
2015-09-26,235.88,236.2,233.5,234.69,4167.95246947,979698.340566,235.055065465
2015-09-27,234.67,235.03,233.2,233.58,3302.85450184,772539.10039,233.900433688
2015-09-28,233.53,240.52,233.53,239.99,8114.32217801,1935264.47355,238.499831668
2015-09-29,239.96,241.05,236.65,236.89,6984.74661537,1667381.98316,238.717604943
2015-09-30,236.88,238.75,236.26,237.14,5479.4328461,1301814.45569,237.581971028
2015-10-01,237.1,239.86,236.9,238.34,5676.93891488,1352754.91833,238.289496966
2015-10-02,238.34,239.4,236.97,238.28,5907.54929183,1408109.28404,238.357602193
2015-10-03,238.31,240.62,237.73,239.92,4332.27031897,1037022.38949,239.371579597
2015-10-04,239.93,240.28,239.07,239.87,3794.12085585,909654.860513,239.753791477
2015-10-05,239.87,240.98,237.5,240.95,7487.56172347,1792623.84938,239.413565535
2015-10-06,240.93,248.0,240.31,246.64,9578.72146391,2343577.74297,244.664984966
2015-10-07,246.7,247.96,240.2,244.0,8822.05479471,2167376.34544,245.677044167
2015-10-08,244.0,245.38,242.2,242.94,5622.45156751,1373239.98247,244.242207511
2015-10-09,242.94,244.88,241.1,244.35,4935.02552161,1204185.13472,244.007883941
2015-10-10,244.44,246.1,243.8,246.07,3688.53341368,904772.234242,245.293218949
2015-10-11,246.06,250.0,245.63,249.02,4323.26612441,1069788.08835,247.449048373
2015-10-12,249.01,249.14,245.89,246.39,5402.18608546,1337049.57251,247.501576465
2015-10-13,246.43,251.5,244.86,250.99,6502.18526608,1618945.91267,248.984894528
2015-10-14,250.98,255.0,250.25,253.27,7587.52667361,1916888.91826,252.636860563
2015-10-15,253.25,256.77,253.18,254.99,6678.9212441,1704881.667,255.263028967
2015-10-16,254.98,267.6,254.86,263.43,9215.97339011,2406301.17137,261.10114141
2015-10-17,263.45,274.81,263.05,272.87,11034.227307,2975140.81829,269.628378637
2015-10-18,272.88,273.5,262.94,265.0,5660.0181334,1512531.24795,267.2308131
2015-10-19,265.0,268.23,262.05,265.17,5364.33182456,1422941.46628,265.259777512
2015-10-20,265.09,272.95,264.38,271.14,4648.36685323,1253967.44719,269.76516415
2015-10-21,271.16,272.85,265.0,268.77,6195.06646892,1669023.58899,269.411732282
2015-10-22,268.77,280.0,268.75,275.84,8695.88388281,2384455.79473,274.205109781
2015-10-23,275.76,281.17,275.4,278.76,7072.89470388,1964852.89561,277.800388366
2015-10-24,278.76,284.49,278.75,284.29,5508.01672516,1549337.63025,281.287749758
2015-10-25,284.29,295.93,283.28,284.97,10695.7083706,3103420.98511,290.15572205
2015-10-26,284.97,287.68,282.04,287.1,7477.92421946,2133154.97986,285.260309848
2015-10-27,287.1,297.99,286.89,295.61,11123.6817877,3267655.01889,293.756606961
2015-10-28,295.68,308.93,295.65,304.09,16047.5107709,4845192.14114,301.927956947
2015-10-29,304.1,320.99,301.8,316.08,12247.9810755,3818919.36686,311.799907537
2015-10-30,316.07,336.97,315.9,329.11,16830.2000547,5495493.4206,326.525733665
2015-10-31,329.11,334.28,306.29,314.85,15213.7503313,4852961.36772,318.985211538
2015-11-01,314.84,332.0,311.44,329.46,10727.7180858,3447923.25757,321.403231331
2015-11-02,329.45,371.82,326.07,365.21,19750.0352477,6872320.70858,347.964984487
2015-11-03,365.14,422.3,362.07,404.1,40167.7566402,15710110.6467,391.112473305
2015-11-04,404.06,499.99,368.15,410.0,50604.1189154,22351416.5748,441.691645935
2015-11-05,410.0,450.0,366.66,387.21,27228.2331193,10963146.2625,402.638915806
2015-11-06,387.21,395.0,351.0,374.09,20036.2291048,7458011.2453,372.226291001
2015-11-07,374.26,392.0,371.43,384.81,8396.12456558,3221018.15372,383.63153483
2015-11-08,384.8,389.0,363.58,373.83,7459.03455998,2835899.45007,380.196582716
2015-11-09,373.84,386.96,360.8,379.53,11225.645676,4207463.34032,374.808136812
2015-11-10,379.55,382.23,322.0,337.14,16694.8222627,5897923.00299,353.27857405
2015-11-11,337.14,341.75,293.32,313.2,18099.0382941,5688605.46969,314.304294916
2015-11-12,313.2,344.99,312.24,336.49,15784.2681759,5191417.89632,328.898231992
2015-11-13,336.49,343.0,325.0,338.07,10203.5664044,3417389.36385,334.921068615
2015-11-14,338.08,339.57,329.4,334.71,6008.71016419,2009458.03648,334.424191144
2015-11-15,334.67,336.46,319.89,322.93,6329.30282708,2068553.83142,326.82175082
2015-11-16,322.94,334.1,316.12,332.89,7295.39651482,2375734.18123,325.648397096
2015-11-17,332.85,340.72,330.1,336.49,7262.45698749,2441163.31446,336.13463304
2015-11-18,336.49,338.0,330.0,335.49,5204.31011673,1740901.29221,334.511444007
2015-11-19,335.5,336.38,324.9,326.41,6720.69593055,2219098.67892,330.188822981
2015-11-20,326.53,327.04,311.23,322.39,9324.44081425,2981507.26958,319.7518574
2015-11-21,322.39,328.0,316.33,327.0,5125.95880902,1659342.63484,323.713610792
2015-11-22,326.99,327.0,321.0,323.71,3426.17860154,1110238.05466,324.045586579
2015-11-23,323.72,326.0,322.0,323.0,4797.36462208,1553496.47655,323.822890051
2015-11-24,323.01,323.17,318.0,321.0,5234.70261933,1681712.77348,321.262332509
2015-11-25,320.96,330.06,316.26,328.98,7870.71416224,2549905.31977,323.973818285
2015-11-26,328.99,368.18,328.98,352.57,14023.747661,4865550.65959,346.95081352
2015-11-27,352.56,364.46,347.96,358.19,7234.83070596,2583243.28651,357.056493995
2015-11-28,358.2,359.63,351.09,357.24,5553.33149499,1972446.70897,355.182598185
2015-11-29,357.24,373.63,354.26,372.24,5537.92313905,2014561.54051,363.775641142
2015-11-30,372.25,382.87,367.5,376.86,11425.7747278,4296139.17348,376.004190162
2015-12-01,376.88,378.94,354.6,362.68,9267.09208586,3387642.20425,365.556117589
2015-12-02,362.68,363.06,347.55,360.0,8966.98824159,3191189.94574,355.882026358
2015-12-03,360.0,369.99,356.52,361.77,7242.50437252,2631858.82796,363.390713018
2015-12-04,361.89,364.85,355.43,363.98,5864.70564891,2118668.40655,361.257415698
2015-12-05,363.98,390.0,363.97,387.99,8731.85230085,3286602.00102,376.392303464
2015-12-06,388.03,401.01,375.22,387.55,9639.70483496,3782633.07411,392.40133789
2015-12-07,387.53,397.57,383.0,394.73,7578.14034278,2976067.44173,392.717382777
2015-12-08,394.73,418.94,386.69,418.94,8253.45380926,3289390.84524,398.547192637
2015-12-09,417.84,425.0,401.0,418.39,13732.0765592,5691969.44447,414.501726663
2015-12-10,418.39,419.5,408.0,415.68,7063.51983267,2937401.58697,415.855219006
2015-12-11,415.68,453.13,415.67,452.95,13643.5624461,5967813.93386,437.408774829
2015-12-12,452.95,469.34,403.0,436.87,29525.3709644,12881837.5868,436.297230688
2015-12-13,436.9,443.83,419.42,433.83,6721.48859993,2928653.21078,435.714971057
2015-12-14,433.38,450.0,429.12,444.01,165542.811039,73471761.9837,443.823331999
2015-12-15,444.03,464.95,443.76,464.27,11008.1668566,5029146.37454,456.855936146
2015-12-16,464.5,464.73,440.0,453.97,35979.12462,16376023.4245,455.153470171
2015-12-17,453.96,456.33,446.01,455.5,6291.40394102,2849834.92367,452.972810264
2015-12-18,455.5,465.1,453.28,463.17,5045.11002465,2322247.70377,460.296741286
2015-12-19,463.14,465.6,451.58,461.29,6991.38436346,3221811.10277,460.82591591
2015-12-20,461.29,461.3,430.0,442.22,8376.43335291,3731667.0208,445.495936466
2015-12-21,442.36,444.44,424.66,436.81,6845.94120366,2977646.37422,434.950620468
2015-12-22,436.85,442.0,432.58,433.92,6659.30196893,2908093.79333,436.696489646
2015-12-23,433.94,445.11,428.29,442.43,7571.53072722,3322399.28308,438.801532052
2015-12-24,442.43,460.0,442.42,455.74,6860.23753086,3118662.8073,454.599828835
2015-12-25,455.74,458.99,450.01,455.84,3482.66051175,1586085.4802,455.423511666
2015-12-26,455.82,458.29,410.0,419.41,13505.2326485,5791984.9249,428.869688932
2015-12-27,419.41,429.85,410.02,424.72,5568.9768396,2346022.55844,421.266352153
2015-12-28,424.73,429.9,418.0,421.94,6929.61799486,2941406.83063,424.468828269
2015-12-29,421.94,433.9,419.31,433.89,6387.09713856,2726160.98429,426.82316006
2015-12-30,433.89,434.99,422.35,427.95,4884.61572961,2097011.88562,429.30948957
2015-12-31,427.9,434.0,419.04,430.35,6480.69357368,2771481.46726,427.65198443
2016-01-01,430.35,437.15,427.92,435.66,3863.27745054,1674182.57829,433.358100661
2016-01-02,435.67,437.56,432.41,435.4,3276.70962113,1426306.95895,435.286346326
2016-01-03,435.4,435.75,425.02,431.91,3904.33531811,1681588.80768,430.697845003
2016-01-04,431.9,435.79,431.37,433.85,5894.44572317,2557825.25252,433.938214489
2016-01-05,433.84,435.64,430.0,433.34,5150.10947569,2231543.46055,433.300198973
2016-01-06,433.32,433.46,428.15,430.87,5476.95995944,2365110.17529,431.829006019
2016-01-07,430.66,460.15,430.64,459.07,13907.201729,6270202.95662,450.860142737
2016-01-08,459.07,464.4,447.53,454.44,8347.0950396,3808758.152,456.297446468
2016-01-09,454.41,456.0,447.66,450.38,4247.63965095,1920409.98224,452.112264704
2016-01-10,450.39,451.39,442.96,449.99,3954.32239952,1767141.3756,446.888542982
2016-01-11,449.99,452.65,445.88,449.19,5597.63718315,2514321.81878,449.175560422
2016-01-12,449.26,449.44,431.83,434.01,6596.94545292,2941624.09869,445.906991301
2016-01-13,434.01,437.5,425.0,432.77,9009.15070912,3884591.97853,431.182927665
2016-01-14,432.7,435.27,428.0,430.03,5673.63296245,2450628.92662,431.932933068
2016-01-15,430.04,430.29,357.3,357.53,28641.6735855,11343470.241,396.047745154
2016-01-16,357.59,391.0,350.92,388.7,17985.2387845,6688763.92071,371.902981153
2016-01-17,388.7,391.0,372.0,378.46,8278.40179348,3186290.42553,384.891976134
2016-01-18,378.47,386.1,370.1,384.89,8711.45975604,3312021.43901,380.19132634
2016-01-19,384.79,385.5,370.0,375.27,8133.36701034,3084022.07853,379.181472397
2016-01-20,375.28,425.1,369.0,418.54,13874.6916593,5526943.80267,398.347144454
2016-01-21,418.89,424.78,403.21,409.38,8739.16341887,3607031.90786,412.743386864
2016-01-22,409.02,413.99,373.86,382.9,13430.1030392,5268382.7096,392.281629873
2016-01-23,382.93,398.72,382.55,387.5,6310.0300222,2463536.24059,390.415930181
2016-01-24,387.5,406.93,387.49,403.05,3550.83177183,1422268.94391,400.545290599
2016-01-25,403.04,403.04,386.41,391.4,6491.99981186,2558310.3281,394.071226469
2016-01-26,391.4,397.0,387.78,391.54,6981.00990035,2742920.86124,392.911756379
2016-01-27,391.7,397.18,390.7,394.79,6324.16419027,2493617.43528,394.299920157
2016-01-28,394.6,395.0,377.12,379.61,9103.71549887,3497358.56074,384.168261978
2016-01-29,379.63,385.05,363.25,378.68,12105.3104369,4549209.01046,375.802754847
2016-01-30,378.68,382.04,375.0,378.46,4154.2964224,1574055.10275,378.89811961
2016-01-31,378.46,382.5,365.0,367.95,5506.77681302,2076894.80341,377.152529317
2016-02-01,367.89,379.0,366.26,371.33,7931.22922922,2951038.63485,372.078343667
2016-02-02,371.33,374.41,371.17,372.93,6856.21815799,2556505.17218,372.873953726
2016-02-03,372.93,373.01,365.63,368.87,7147.95657328,2647747.15723,370.420151562
2016-02-04,368.87,390.63,368.74,387.99,8887.7572324,3378347.81945,380.112522329
2016-02-05,387.99,389.36,382.99,384.5,7443.92933224,2872370.75351,385.867547274
2016-02-06,384.44,384.54,370.05,375.44,6276.66473729,2359568.34508,375.927095654
2016-02-07,375.44,379.81,373.24,377.49,4164.50911131,1567454.6405,376.384010361
2016-02-08,377.47,379.35,370.5,371.14,7094.20857777,2658611.06299,374.757949932
2016-02-09,371.02,374.93,370.13,372.68,8424.5942075,3135247.771,372.154158856
2016-02-10,372.76,383.34,371.87,378.44,9736.03682475,3663268.41845,376.258685582
2016-02-11,378.49,379.5,361.1,378.23,10340.1799888,3878879.27641,375.126862453
2016-02-12,378.23,382.05,377.46,382.05,6162.21762337,2341813.43953,380.027707988
2016-02-13,382.05,396.0,381.99,391.0,5978.85647171,2323087.79423,388.550520525
2016-02-14,391.0,406.92,391.0,406.59,7557.25485027,3016894.64467,399.20509556
2016-02-15,406.62,409.09,394.03,398.95,6568.48538284,2641009.67199,402.072855166
2016-02-16,398.94,407.5,390.0,407.42,5623.5595618,2270845.31567,403.809240519
2016-02-17,407.41,420.13,405.69,415.2,8707.1340027,3612919.78317,414.937886801
2016-02-18,415.18,423.2,415.01,421.19,6518.6376118,2733136.55666,419.280334239
2016-02-19,421.18,422.0,416.0,420.72,5800.21753183,2432850.81404,419.441305552
2016-02-20,420.72,444.03,420.09,437.46,9368.59512888,4048377.96241,432.122202606
2016-02-21,438.04,448.7,426.01,438.56,7111.14458641,3106264.81393,436.816433161
2016-02-22,438.56,439.0,430.95,437.55,5131.79988328,2238959.82082,436.291334764
2016-02-23,437.45,440.9,414.16,419.97,9159.03224463,3901896.01934,426.016189825
2016-02-24,420.32,425.6,410.0,423.94,7232.28236528,3046843.51936,421.283816847
2016-02-25,423.87,426.44,418.6,423.54,6049.81811526,2557839.12244,422.796036792
2016-02-26,423.51,430.85,419.53,430.85,6782.03746528,2873401.69706,423.678240023
2016-02-27,430.84,434.97,430.14,433.12,5520.65526894,2386649.71208,432.312759231
2016-02-28,433.09,436.07,423.0,433.73,5149.93009024,2216853.11661,430.462759254
2016-02-29,433.73,442.0,431.13,436.44,7578.8900694,3306667.45916,436.299699413
2016-03-01,436.41,437.78,427.5,433.08,7580.23306278,3284359.93006,433.279544687
2016-03-02,433.03,435.36,418.36,420.39,7437.60843525,3194783.89066,429.544512658
2016-03-03,420.44,422.8,408.63,418.8,11833.7208709,4939086.51724,417.373924154
2016-03-04,418.76,422.21,405.5,407.35,8961.10957184,3726910.02555,415.898276399
2016-03-05,407.38,408.83,381.09,396.08,14903.3377846,5908545.94429,396.45789619
2016-03-06,396.13,409.27,385.01,403.24,7676.29322299,3080220.59862,401.264061851
2016-03-07,403.24,418.74,395.0,412.21,9910.74424239,4044066.08529,408.048677918
2016-03-08,412.21,416.33,407.4,411.18,7501.47649557,3088336.60287,411.697164511
2016-03-09,411.18,414.0,408.75,412.8,5399.36136204,2222432.17818,411.610194088
2016-03-10,412.64,416.52,410.71,415.98,7909.17586749,3275042.36281,414.081367981
2016-03-11,415.98,421.0,414.97,419.39,7041.45814304,2947339.00875,418.569414016
2016-03-12,419.48,421.3,406.52,410.58,6897.105099,2848449.39635,412.992024258
2016-03-13,410.56,416.38,410.01,412.52,4663.32879725,1924547.29106,412.698176503
2016-03-14,412.51,415.84,411.61,415.02,6672.7126524,2759784.82607,413.592637633
2016-03-15,415.02,416.94,412.48,415.41,7355.07959993,3053355.6613,415.13563787
2016-03-16,415.41,416.39,413.0,416.07,6274.8088109,2605144.04275,415.175046963
2016-03-17,416.06,419.75,415.7,418.41,6108.4432848,2554826.69893,418.245137069
2016-03-18,418.42,418.66,399.21,409.65,8597.5867638,3535242.43883,411.190085771
2016-03-19,409.66,411.0,404.72,410.2,4840.13357914,1975096.62091,408.06655201
2016-03-20,410.09,415.34,409.36,411.27,4726.10717472,1946264.7883,411.811394948
2016-03-21,411.25,412.13,406.89,412.0,6020.51810823,2467383.28328,409.829061042
2016-03-22,411.98,417.79,411.0,416.66,6124.69185606,2545796.87364,415.661217489
2016-03-23,416.66,418.99,413.95,417.53,5506.91945281,2295543.75442,416.847163661
2016-03-24,417.53,417.72,410.0,412.95,5064.58936525,2104223.57049,415.477626859
2016-03-25,412.86,416.87,411.0,416.41,4598.6610383,1907414.4773,414.776053598
2016-03-26,416.42,417.77,414.37,416.97,3641.00285678,1516410.41305,416.481522452
2016-03-27,416.96,426.5,416.35,425.3,4658.09803054,1967456.83484,422.37342837
2016-03-28,425.29,425.36,419.63,423.0,5717.86007067,2416195.73526,422.569930953
2016-03-29,422.92,424.62,407.75,416.39,7361.85527519,3064608.01537,416.282024138
2016-03-30,416.4,416.41,407.56,412.79,5831.49360379,2406734.08564,412.713148493
2016-03-31,412.97,417.6,412.74,416.03,5235.54278385,2174325.70082,415.300913503
2016-04-01,416.03,417.68,414.12,417.68,5353.92318385,2229335.8948,416.392954894
2016-04-02,417.68,420.5,417.04,419.95,3952.0183139,1657292.05127,419.353332813
2016-04-03,419.95,420.8,418.33,420.16,3266.97381272,1371067.50851,419.675083764
2016-04-04,420.08,421.0,417.58,419.47,5323.83529462,2232250.70176,419.293719325
2016-04-05,419.48,423.43,418.01,422.36,5727.68629636,2413380.3661,421.353447313
2016-04-06,422.4,423.0,420.61,421.46,5211.96140153,2199710.3967,422.05040046
2016-04-07,421.36,422.74,419.41,421.99,5026.31118662,2118476.09996,421.47730638
2016-04-08,421.99,424.65,415.71,419.48,6437.97595515,2714574.0418,421.650229935
2016-04-09,419.48,419.79,415.51,419.46,3519.98911149,1472577.73574,418.347241739
2016-04-10,419.46,423.99,419.46,423.4,2990.03664436,1262483.02712,422.229951429
2016-04-11,423.29,424.0,420.15,423.94,5093.21825161,2152793.95304,422.678520081
2016-04-12,423.95,429.77,423.14,427.8,6997.06357807,2986520.53933,426.824839593
2016-04-13,427.8,429.44,423.59,425.58,5885.07514476,2510165.91059,426.530817168
2016-04-14,425.58,428.0,424.52,426.32,4732.22672175,2015362.48565,425.880373903
2016-04-15,426.35,431.1,425.72,430.93,4184.00939072,1795253.26843,429.074865943
2016-04-16,430.82,434.89,429.89,433.39,4133.98598682,1787054.55468,432.283650785
2016-04-17,433.69,434.93,429.15,431.0,3299.73395797,1426343.51249,432.260155109
2016-04-18,431.08,434.46,428.44,430.97,5277.32120606,2270342.21405,430.207320231
2016-04-19,430.9,438.2,429.22,437.06,6226.60528301,2688673.58012,431.804082307
2016-04-20,437.06,444.07,436.17,442.96,7150.95669528,3145282.80467,439.840840701
2016-04-21,442.87,453.8,441.99,452.25,7693.43100861,3440074.55203,447.144394767
2016-04-22,452.25,452.95,445.07,448.41,6814.7817311,3056511.37209,448.511998285
2016-04-23,448.57,455.84,447.03,455.69,4618.30821378,2081589.70597,450.725592493
2016-04-24,455.68,465.0,454.55,464.46,6188.49079492,2845375.53308,459.785047335
2016-04-25,464.47,472.38,454.65,466.17,9493.32784683,4412451.89807,464.795061254
2016-04-26,466.17,472.11,464.01,470.59,7471.24056177,3501485.00376,468.661793823
2016-04-27,470.3,470.79,440.94,445.31,11265.299957,5163463.09755,458.351141761
2016-04-28,445.3,451.88,434.79,451.68,7644.69210461,3406377.70839,445.587299237
2016-04-29,451.67,459.44,448.5,458.82,5965.09735013,2705276.45245,453.517569566
2016-04-30,458.8,459.33,450.13,454.02,4710.2895045,2147720.44326,455.963575319
2016-05-01,454.02,457.07,451.55,456.98,2941.67587876,1338835.42115,455.126763221
2016-05-02,456.98,457.63,440.02,446.42,7694.20823194,3441189.24344,447.244100979
2016-05-03,446.53,453.29,443.61,452.21,5892.48138372,2645410.28736,448.946736544
2016-05-04,452.21,453.23,446.76,448.68,4883.54001476,2194168.3752,449.298739965
2016-05-05,448.59,451.56,447.0,449.98,5336.21991152,2398283.67109,449.434939125
2016-05-06,449.99,463.73,448.84,462.31,6193.77720515,2821388.33057,455.519828551
2016-05-07,462.31,464.0,459.55,461.91,3463.8802064,1598626.82023,461.513310212
2016-05-08,461.91,465.0,457.5,462.79,3275.57794242,1510337.01356,461.090238153
2016-05-09,462.6,465.9,459.41,464.16,5882.94056987,2720620.61403,462.459306144
2016-05-10,464.15,465.0,448.2,452.78,6814.25705519,3115152.42761,457.152174093
2016-05-11,452.77,458.65,452.5,454.37,5746.40549365,2617699.50708,455.536858646
2016-05-12,454.56,456.57,449.27,456.48,6119.04462476,2769753.6727,452.644790577
2016-05-13,456.48,458.03,453.84,457.98,5404.20702972,2466577.98678,456.418115224
2016-05-14,457.97,459.83,456.0,458.9,3295.1997074,1509165.28484,457.989020043
2016-05-15,458.9,463.62,458.49,461.47,3269.98252507,1506208.10353,460.61656048
2016-05-16,461.48,461.59,451.48,455.66,6019.17236655,2755976.82729,457.866407449
2016-05-17,455.64,457.49,452.2,454.19,6033.90842585,2747508.41231,455.344731541
2016-05-18,454.19,457.88,453.6,455.56,5512.42378222,2515080.47223,456.256734168
2016-05-19,455.56,456.41,435.0,438.38,8412.58613924,3769830.09274,448.117859401
2016-05-20,437.91,445.85,435.5,445.65,7178.735362,3177151.32059,442.57813673
2016-05-21,445.52,446.99,441.88,446.28,3945.71821234,1758090.0959,445.569095736
2016-05-22,446.27,446.45,440.89,442.48,3779.58274056,1678374.26113,444.063373217
2016-05-23,442.45,446.3,440.79,445.67,5659.42935339,2511153.59137,443.711447669
2016-05-24,445.56,448.5,440.5,446.99,6536.30685774,2916623.41873,446.218863681
2016-05-25,446.98,452.42,446.86,451.49,6167.95576946,2775845.52835,450.043034046
2016-05-26,451.45,454.99,449.0,454.97,5843.88197402,2643245.90244,452.309939556
2016-05-27,454.97,476.75,454.35,471.27,9888.02648828,4639175.4088,469.171013478
2016-05-28,471.21,539.49,470.13,523.25,12085.7561823,6048055.36595,500.428378227
2016-05-29,523.35,549.99,492.35,525.22,9854.97250368,5176695.91607,525.287707717
2016-05-30,525.22,541.0,519.0,532.55,5960.33332201,3167666.43006,531.457933462
2016-05-31,532.56,544.9,520.01,531.34,8491.97268136,4519460.20539,532.203808817
2016-06-01,531.25,541.5,524.39,534.84,5736.65283224,3060524.00764,533.50343783
2016-06-02,534.85,541.2,531.86,537.87,6329.87872329,3393427.53499,536.096769517
2016-06-03,538.06,578.0,535.96,571.25,10203.7254522,5715376.17321,560.12641657
2016-06-04,571.09,594.64,564.29,576.31,6932.07537817,3993801.55622,576.133601893
2016-06-05,576.31,585.0,570.22,575.17,4984.2494482,2879721.21695,577.764264586
2016-06-06,575.17,588.15,575.0,586.77,6791.26453533,3962031.34598,583.401121451
2016-06-07,586.75,590.95,483.78,579.71,9617.05187937,5581256.53397,580.350049472
2016-06-08,579.72,583.99,572.96,583.21,5661.74917272,3279350.85304,579.211609874
2016-06-09,583.19,583.48,574.0,577.46,4979.63044035,2881132.40305,578.583579156
2016-06-10,577.47,581.0,573.5,580.31,5659.48661659,3273175.20523,578.351964935
2016-06-11,580.31,610.0,580.31,609.5,5542.22525864,3265884.94776,589.273224265
2016-06-12,609.5,687.71,605.0,677.86,17948.7552689,11604262.0513,646.521827136
2016-06-13,677.45,720.0,663.55,706.01,15497.4030706,10740676.9849,693.063020687
2016-06-14,706.02,706.45,650.02,684.95,12443.0955638,8496273.37903,682.810264975
2016-06-15,684.99,699.3,673.0,698.78,7913.03547125,5436366.65401,687.014063536
2016-06-16,698.76,777.68,698.76,769.76,16806.8587376,12460323.2703,741.383233168
2016-06-17,769.71,778.5,709.01,752.26,14007.798951,10508093.6749,750.160229429
2016-06-18,752.0,785.15,734.8,758.99,9594.92358376,7280602.42161,758.797332574
2016-06-19,759.0,771.92,744.77,768.76,5442.63878549,4129809.24369,758.788045001
2016-06-20,768.94,768.94,702.0,703.12,9799.80848924,7284312.60387,743.311730211
2016-06-21,706.47,718.26,628.6,667.66,26083.6893324,17657821.9585,676.967960074
2016-06-22,667.88,679.99,568.11,604.5,15465.5311908,9856820.13961,637.341195592
2016-06-23,606.13,637.89,544.13,631.1,20474.0035889,12220892.69,596.898043756
2016-06-24,631.1,700.0,631.01,669.98,19078.8453067,12768337.7995,669.240595762
2016-06-25,669.98,699.0,650.0,673.71,7691.56323655,5228388.91634,679.756345432
2016-06-26,673.71,675.19,625.01,638.56,5678.38601546,3665911.1929,645.590346081
2016-06-27,638.56,659.98,630.0,657.87,6624.33980245,4278796.49643,645.920442494
2016-06-28,657.86,663.53,638.0,648.43,5696.74677715,3709741.68836,651.203543615
2016-06-29,648.43,648.43,630.02,639.42,6485.12685807,4137950.89288,638.067840991
2016-06-30,639.41,675.0,635.14,673.49,7764.24646799,5115134.33031,658.806279708
2016-07-01,673.5,688.99,667.0,678.19,6839.68854227,4639102.57565,678.262255215
2016-07-02,678.09,705.21,676.92,704.95,4977.98046916,3442734.97935,691.592705251
2016-07-03,705.25,705.25,651.0,663.55,6495.70846259,4388623.60772,675.618931021
2016-07-04,664.09,683.69,653.16,681.98,4327.4107689,2915926.01493,673.826953496
2016-07-05,681.98,682.37,662.51,669.87,5043.81182652,3394318.97523,672.967012247
2016-07-06,669.75,680.79,665.0,678.79,5668.23807828,3822287.71416,674.334363055
2016-07-07,678.79,683.44,611.94,641.97,12281.4806134,7875414.64534,641.243095456
2016-07-08,641.97,667.33,638.04,667.33,11055.3657417,7193786.68241,650.705444799
2016-07-09,667.07,667.3,608.0,657.61,9607.6959149,6257878.16686,651.340157129
2016-07-10,657.6,657.61,641.0,652.44,3705.89414753,2411039.99932,650.596024425
2016-07-11,652.43,664.27,648.11,650.97,4815.437046,3143593.54934,652.815833601
2016-07-12,651.25,675.5,648.6,666.56,10666.0897138,7023379.14177,658.477411142
2016-07-13,666.25,671.45,654.86,655.34,21882.0092299,14532807.5895,664.144112031
2016-07-14,655.3,663.99,640.0,661.65,4649.64369535,3064152.88262,659.008105434
2016-07-15,661.4,669.98,660.68,667.48,4725.74361249,3145290.53989,665.565210007
2016-07-16,667.48,669.99,662.01,666.32,2908.02982543,1939211.68588,666.847247894
2016-07-17,666.3,680.99,665.95,680.0,3944.42402405,2658678.31639,674.034611942
2016-07-18,680.0,684.94,670.0,675.5,4547.72178477,3084037.55946,678.150006842
2016-07-19,675.51,676.87,666.17,673.98,3799.77117828,2555423.21892,672.520291096
2016-07-20,673.98,674.99,664.6,666.92,3603.86279956,2413486.0695,669.694215272
2016-07-21,667.15,668.4,661.19,667.28,3967.87180841,2641911.99164,665.825943781
2016-07-22,667.27,669.94,647.59,654.67,7371.96466565,4866554.21776,660.143454083
2016-07-23,654.7,662.35,653.92,657.5,4379.51140552,2882737.0888,658.232579363
2016-07-24,657.68,666.37,655.01,661.0,3423.08122968,2259696.83839,660.135324513
2016-07-25,660.92,664.13,653.77,657.79,4101.53773839,2698055.27739,657.815543702
2016-07-26,657.99,658.99,645.0,654.06,6470.74022151,4236221.00969,654.673324021
2016-07-27,654.06,658.99,646.56,657.35,5175.14137436,3387526.19049,654.576550753
2016-07-28,657.0,659.97,654.1,657.4,3832.98840948,2519304.0643,657.268897048
2016-07-29,657.4,659.0,651.0,657.0,4246.21269481,2788577.47826,656.721101529
2016-07-30,657.18,658.98,652.95,655.87,2980.08541508,1957765.44976,656.949441734
2016-07-31,655.95,657.0,621.37,626.97,6299.64138309,4013905.83005,637.164179031
2016-08-01,626.97,629.34,599.0,605.2,7981.71787362,4926344.59041,617.20354796
2016-08-02,604.87,613.38,483.0,537.47,14839.3461598,8522961.89386,574.348883169
2016-08-03,538.8,576.0,519.3,573.36,20292.859717,11200016.4845,551.919080931
2016-08-04,573.35,599.95,562.11,587.5,9514.32837515,5534361.67835,581.687057681
2016-08-05,587.5,592.87,570.39,583.0,5478.38879554,3172428.21976,579.080517677
2016-08-06,583.0,591.72,574.5,591.71,3907.87281274,2278639.38214,583.089443115
2016-08-07,591.7,598.65,587.2,595.14,3288.65737176,1953758.57119,594.090034423
2016-08-08,595.14,595.99,590.0,591.48,3852.03062424,2285424.75375,593.303889997
2016-08-09,591.58,594.04,585.38,586.45,4817.62624738,2839820.18526,589.464611706
2016-08-10,586.75,601.09,583.29,594.94,9439.72597721,5578861.43906,590.998240047
2016-08-11,594.94,599.99,585.6,587.91,5062.58283783,2998141.18249,592.215728321
2016-08-12,587.9,590.09,583.62,587.74,3870.89068755,2273740.79971,587.394732438
2016-08-13,587.68,589.5,586.0,586.45,2839.70446781,1669076.80289,587.764262728
2016-08-14,586.45,586.49,565.19,574.99,4154.4769823,2390263.51008,575.346432358
2016-08-15,574.97,574.97,561.56,567.79,4403.16173516,2505129.6426,568.938820165
2016-08-16,567.85,581.99,566.09,579.02,4692.46182455,2693599.58337,574.026957294
2016-08-17,579.02,581.99,569.67,574.45,4509.7743737,2594893.88826,575.393284283
2016-08-18,574.45,576.99,573.0,574.09,3964.9989895,2280602.94865,575.183740194
2016-08-19,574.05,576.99,572.68,573.67,4038.30300064,2321699.80197,574.919663434
2016-08-20,573.68,583.92,572.38,581.87,3581.22425349,2072410.69445,578.68777484
2016-08-21,581.72,583.99,579.34,581.29,2442.63374814,1420763.14559,581.652139487
2016-08-22,581.34,586.99,579.22,585.2,4493.44110907,2621251.58049,583.350602993
2016-08-23,585.19,586.77,577.47,582.39,5092.27462505,2965455.45756,582.343977084
2016-08-24,582.39,582.68,575.29,578.47,3857.02318764,2234932.73016,579.444981643
2016-08-25,578.68,579.0,573.12,575.58,4109.11256132,2364832.99556,575.509422112
2016-08-26,575.57,579.86,574.85,579.29,3354.18317104,1938444.84301,577.918600196
2016-08-27,579.29,579.45,568.95,570.84,3059.49308936,1755464.47682,573.776251668
2016-08-28,570.83,575.41,569.65,575.41,2587.45426087,1481471.09065,572.559334884
2016-08-29,575.41,577.73,571.24,573.21,4569.5624841,2623367.94796,574.09608843
2016-08-30,573.21,576.83,572.53,574.95,4175.84646427,2400313.55407,574.808862014
2016-08-31,574.95,575.15,569.21,572.89,4439.62383694,2540916.04626,572.326877138
2016-09-01,572.89,573.31,568.12,573.02,5203.40066602,2972785.35704,571.315865883
2016-09-02,572.94,577.97,570.0,576.21,4827.43459895,2771645.64247,574.144628095
2016-09-03,576.41,600.99,574.67,600.91,4707.9044818,2753882.82303,584.948746024
2016-09-04,600.93,617.13,597.52,611.92,4592.85098189,2796307.00551,608.839044972
2016-09-05,611.94,611.99,601.63,605.69,3010.75003224,1827741.4154,607.071791357
2016-09-06,605.93,612.99,605.47,612.99,4169.69788463,2541235.54783,609.453158991
2016-09-07,612.99,618.53,609.21,615.21,4680.9577166,2873072.9247,613.778867199
2016-09-08,615.22,631.3,613.43,627.97,5225.03677269,3262101.43225,624.321239097
2016-09-09,627.97,628.69,618.25,622.07,4502.86557587,2803216.88107,622.540654132
2016-09-10,622.07,626.54,620.59,623.74,2819.13150751,1757592.52073,623.451767342
2016-09-11,623.58,630.11,591.8,607.94,4289.6247761,2642467.3002,616.013623133
2016-09-12,607.94,609.45,603.0,606.74,3986.16471563,2419095.25952,606.872879596
2016-09-13,606.86,609.99,605.16,608.63,3888.07052292,2364040.0215,608.023956243
2016-09-14,608.39,611.99,608.0,608.43,3744.74317438,2283444.13083,609.773227295
2016-09-15,608.47,609.49,603.33,605.44,3965.6919502,2409804.86264,607.663150064
2016-09-16,605.43,608.1,603.15,607.93,4171.00563277,2531229.11802,606.863030375
2016-09-17,607.95,608.99,604.0,607.92,2942.64908837,1787453.14516,607.429935231
2016-09-18,607.92,611.93,607.22,611.4,3091.45513304,1883984.47755,609.416729815
2016-09-19,611.4,612.46,607.4,608.6,3096.46853792,1886879.80255,609.365081364
2016-09-20,608.6,609.92,605.6,605.6,4601.69967614,2800581.22327,608.597131576
2016-09-21,605.6,605.6,592.63,597.0,4885.89704059,2919589.6838,597.554483761
2016-09-22,597.0,598.54,594.78,596.21,3998.40601014,2385894.86929,596.711505345
2016-09-23,595.99,603.3,595.14,602.96,3759.0236907,2254328.12252,599.711070749
2016-09-24,602.96,605.94,601.08,603.68,2646.49759755,1597999.9568,603.816893045
2016-09-25,603.69,605.99,599.42,601.67,2577.17870414,1551906.35262,602.172581253
2016-09-26,601.67,607.99,600.02,607.08,4292.32724007,2599972.50213,605.725602154
2016-09-27,607.04,607.54,601.38,605.71,4345.51888885,2628805.76525,604.946344152
2016-09-28,605.71,606.0,603.18,605.04,3710.0120722,2243451.69307,604.701992718
2016-09-29,604.96,606.89,603.56,605.99,4106.83205706,2486679.55109,605.498232346
2016-09-30,605.99,608.99,605.0,608.99,4626.81936993,2804572.28216,606.155559128
2016-10-01,608.99,617.19,608.98,615.65,3480.01593911,2136146.34526,613.832345205
2016-10-02,615.65,615.9,608.66,612.4,2911.8918914,1783332.34789,612.430823122
2016-10-03,612.42,615.24,610.7,612.99,4436.78281505,2719542.27191,612.953661532
2016-10-04,612.99,613.23,606.93,610.34,5060.86312789,3089549.09795,610.478691061
2016-10-05,610.33,614.24,609.22,613.16,4454.40369502,2726213.19196,612.026519961
2016-10-06,613.16,613.39,610.3,611.88,3920.07531583,2401039.99514,612.498434774
2016-10-07,611.78,618.7,609.89,617.98,5119.98889954,3149935.90322,615.223189938
2016-10-08,618.11,620.0,617.55,619.5,2793.95535361,1729010.41077,618.839670624
2016-10-09,619.46,619.59,617.0,617.42,2329.86207734,1440506.03207,618.279530825
2016-10-10,617.43,619.2,615.46,618.72,3896.59582637,2406179.56417,617.508120265
2016-10-11,618.72,647.03,618.13,642.12,6316.50262935,3995248.86634,632.509649845
2016-10-12,642.3,643.58,631.91,635.79,4334.7387028,2768409.90231,638.656697006
2016-10-13,635.9,639.85,632.0,635.66,3845.21461185,2447058.3113,636.390568099
2016-10-14,635.8,639.99,624.08,638.03,4365.86702469,2773152.59793,635.189432533
2016-10-15,638.03,639.99,636.0,638.16,683.79807092,436595.162421,638.485513469
2016-10-16,638.16,643.91,637.87,641.92,2547.64969894,1635020.79094,641.776140424
2016-10-17,642.1,643.47,636.27,639.56,3950.24167083,2526140.5458,639.490126503
2016-10-18,639.56,640.0,632.15,635.11,4126.80597819,2629187.27101,637.099801857
2016-10-19,635.12,636.99,625.6,629.79,4465.14828834,2817522.39702,631.003096668
2016-10-20,629.79,629.99,626.01,628.05,4170.46626703,2620708.02786,628.396888996
2016-10-21,628.19,633.41,627.5,630.83,4162.76985048,2622225.84923,629.92333072
2016-10-22,630.67,658.0,629.32,652.75,4586.7845212,2952258.97529,643.644575332
2016-10-23,653.03,655.8,645.33,651.04,3075.73956709,2003130.56895,651.267939062
2016-10-24,651.05,652.93,645.81,649.98,3670.49141848,2382651.89231,649.137028442
2016-10-25,649.98,657.5,648.99,654.3,4814.88839172,3148167.849,653.840253995
2016-10-26,654.3,678.0,652.51,674.0,5843.50141279,3892614.99186,666.144271539
2016-10-27,674.0,692.41,673.54,691.21,6771.85374768,4634376.19372,684.358576898
2016-10-28,691.01,691.19,683.2,689.95,4409.98654001,3032749.25919,687.70034368
2016-10-29,689.95,725.64,689.39,714.28,6583.49896892,4684754.43016,711.590364375
2016-10-30,714.28,714.98,692.04,697.41,3799.52235609,2677022.81567,704.568249581
2016-10-31,697.39,709.68,681.01,696.9,4474.8670547,3126631.66061,698.709396812
2016-11-01,697.07,737.5,695.74,730.7,6909.18196562,4991265.72586,722.410518452
2016-11-02,730.7,744.6,720.0,744.6,5096.8408538,3705349.14766,726.989375174
2016-11-03,744.61,746.16,672.06,690.0,10331.3496383,7363999.39367,712.781935707
2016-11-04,690.0,708.33,683.8,706.32,5229.21994603,3658167.3381,699.562721754
2016-11-05,706.05,707.99,697.72,706.99,2999.21458017,2113950.30155,704.834630883
2016-11-06,706.98,719.83,705.86,717.02,3013.17627869,2145554.40495,712.057379492
2016-11-07,717.04,717.32,701.35,706.42,4168.78736342,2949791.6037,707.589844851
2016-11-08,706.41,716.45,704.16,711.15,4361.51958288,3096055.06557,709.856967679
2016-11-09,711.3,747.26,710.05,720.97,12022.2332097,8784146.33755,730.658454577
2016-11-10,721.0,723.61,705.84,712.91,4441.34529256,3171084.72828,713.991936992
2016-11-11,713.0,718.99,712.5,716.9,3363.91577496,2405638.68355,715.130474269
2016-11-12,716.56,716.99,702.42,704.53,3130.22057213,2218354.31467,708.689456078
2016-11-13,704.63,705.94,685.7,704.01,4207.77586806,2931396.35024,696.661714444
2016-11-14,704.01,708.57,695.07,708.32,4818.75334881,3385363.45601,702.539269175
2016-11-15,708.4,716.3,671.23,712.29,4793.81248351,3394331.99721,708.065242202
2016-11-16,711.92,743.8,710.0,739.85,6194.50292689,4515043.75541,728.879105991
2016-11-17,738.07,750.01,729.01,730.71,4171.50353425,3096662.22329,742.337192781
2016-11-18,729.61,751.0,728.89,748.54,4633.63714554,3443067.48419,743.059366983
2016-11-19,748.55,752.3,738.0,750.77,2953.71110824,2210603.99525,748.415777387
2016-11-20,750.77,753.81,715.0,731.99,4322.12503603,3173834.81071,734.322765827
2016-11-21,731.72,738.47,730.0,736.4,2984.94365792,2194636.22066,735.235392079
2016-11-22,736.39,748.77,726.38,746.66,4276.8415765,3168084.556,740.753310435
2016-11-23,746.66,747.12,734.0,741.52,3626.95652139,2688924.74551,741.372202742
2016-11-24,741.51,743.99,727.0,737.99,3472.6009038,2559311.38042,737.001299981
2016-11-25,737.99,739.99,729.0,739.74,3157.80610663,2321014.86291,735.008668846
2016-11-26,739.51,739.98,726.0,735.7,2706.77529551,1988138.11311,734.504307177
2016-11-27,735.69,737.95,728.01,729.24,2682.66166264,1966221.42768,732.936790003
2016-11-28,729.24,736.44,729.0,729.77,3864.89359081,2826779.4876,731.399046617
2016-11-29,730.18,734.36,728.2,732.37,3807.46258906,2786300.53001,731.799844341
2016-11-30,732.44,745.0,729.17,742.69,3949.90287585,2917405.76022,738.601897797
2016-12-01,742.51,754.9,741.59,754.0,4190.18991165,3138343.79276,748.974117864
2016-12-02,754.0,780.0,753.53,769.25,6041.03445262,4639870.22677,768.058891762
2016-12-03,769.78,771.92,759.0,766.98,3180.08205342,2437143.78976,766.377643349
2016-12-04,766.86,769.76,762.83,767.99,2759.91257043,2114407.07184,766.113787259
2016-12-05,767.94,767.99,748.6,752.0,4823.73102661,3642896.84292,755.203145204
2016-12-06,752.01,757.15,752.0,755.68,1093.12270851,825860.76097,755.505996299
2017-04-09,1184.5,1221.0,1175.8,1210.97,5819.87128162,6983404.75754,1199.92426286
2017-04-10,1210.99,1219.78,1201.0,1210.0,5644.96147616,6839598.61506,1211.62892678
2017-04-11,1210.0,1234.0,1200.0,1223.99,5481.08329834,6673599.91536,1217.56951174
2017-04-12,1224.0,1227.86,1209.61,1214.17,6494.15156162,7912585.00231,1218.41705221
2017-04-13,1214.68,1219.49,1148.98,1177.05,9426.5374569,11146436.8322,1182.45292963
2017-04-14,1177.05,1196.92,1170.14,1173.74,5666.3149436,6700794.94846,1182.56662666
2017-04-15,1173.13,1190.99,0.06,1178.85,3972.00314582,4658827.56257,1172.91638288
2017-04-16,1178.84,1189.93,1171.7,1177.99,3084.52503854,3644226.81936,1181.4547698
2017-04-17,1177.63,1197.6,1170.85,1189.91,6548.06656297,7741934.71088,1182.3237648
2017-04-18,1190.95,1206.65,1189.76,1201.94,6269.90926487,7515519.03122,1198.66471965
2017-04-19,1201.88,1215.32,1191.09,1214.21,6273.61537614,7544492.69916,1202.5749503
2017-04-20,1214.22,1240.6,1212.01,1236.15,7747.22509693,9504922.02607,1226.8808389
2017-04-21,1236.15,1258.77,1236.15,1249.99,6669.14516894,8318503.92204,1247.31186851
2017-04-22,1249.98,1253.0,1221.51,1247.0,6147.34768133,7653459.98525,1245.00197191
2017-04-23,1246.79,1254.0,1236.2,1251.98,5023.52597801,6266690.27766,1247.46847236
2017-04-24,1251.91,1261.16,1246.31,1257.29,5906.25903817,7400841.22,1253.05056419
2017-04-25,1256.65,1287.0,1256.16,1281.16,8117.86793375,10360536.0474,1276.26319275
2017-04-26,1281.18,1320.0,1279.5,1298.44,9597.58080942,12472783.7117,1299.57579512
2017-04-27,1297.56,1360.0,1295.39,1349.26,10484.9236159,13944011.8194,1329.91067271
2017-04-28,1349.77,1381.01,1300.2,1353.34,14008.4774168,18766437.2706,1339.64860793
2017-04-29,1352.96,1369.5,1335.64,1365.43,9669.26577868,13106804.012,1355.51181568
2017-04-30,1364.98,1394.51,1334.02,1384.55,10543.183517,14314499.0287,1357.70178007
2017-05-01,1384.55,1466.69,1370.98,1436.5,16992.300997,24302005.332,1430.17742779
2017-05-02,1436.5,1492.93,1426.51,1471.99,12031.5841906,17587980.1707,1461.81748738
2017-05-03,1471.79,1533.0,1453.68,1533.0,16319.0050969,24311031.8723,1489.73737847
2017-05-04,1533.0,1665.0,1482.06,1563.39,26721.2059227,42052971.9437,1573.76774332
2017-05-05,1561.47,1630.0,1535.11,1551.3,16888.1880588,26754693.1984,1584.22520552
2017-05-06,1551.3,1598.89,1551.3,1585.39,9367.70501254,14826818.9219,1582.75894704
2017-05-07,1585.49,1618.31,1563.87,1609.57,11737.5699792,18674926.7103,1591.03858324
2017-05-08,1611.1,1713.0,1608.0,1713.0,15894.9200644,26141007.4725,1644.61396261
2017-05-09,1712.99,1794.7,1630.0,1720.43,19878.9688314,34249503.9013,1722.90143376
2017-05-10,1720.24,1799.99,1691.3,1794.99,13458.2471766,23685814.0245,1759.94791252
2017-05-11,1794.95,1889.0,1770.95,1837.93,15726.1046034,28897589.9862,1837.55549864
2017-05-12,1837.98,1838.0,1651.01,1695.61,16527.8037524,28951686.1487,1751.69590481
2017-05-13,1695.56,1792.96,1610.0,1792.73,12379.9937346,21093369.1762,1703.82712855
2017-05-14,1791.7,1829.0,1763.33,1799.99,6806.48511914,12236366.1004,1797.75109859
2017-05-15,1799.98,1802.99,1702.42,1747.81,10191.8542489,17794957.4469,1745.99803061
2017-05-16,1747.81,1777.76,1690.14,1777.48,11414.5087423,19884437.2846,1742.0318065
2017-05-17,1777.49,1840.0,1745.05,1813.23,13813.2214377,24992796.8231,1809.33875098
2017-05-18,1813.23,1900.0,1800.0,1899.16,11391.0093738,20986055.8901,1842.33505578
2017-05-19,1899.47,1980.0,1890.73,1976.23,18971.7707408,36770141.5685,1938.15021649
2017-05-20,1976.22,2059.0,1970.04,2058.91,13176.2827136,26470610.2562,2008.95888709
2017-05-21,2058.89,2102.68,1988.6,2057.0,17762.4843911,36463032.5516,2052.81151829
2017-05-22,2056.99,2298.0,1975.0,2123.29,29431.5363462,63720604.3451,2165.04512695
2017-05-23,2123.29,2283.0,2100.86,2272.75,17640.9485159,39182042.8367,2221.08481307
2017-05-24,2272.74,2474.69,2266.51,2432.97,24659.7342538,58499486.131,2372.26750009
2017-05-25,2432.96,2806.0,2226.86,2355.0,37194.8376135,95512727.2742,2567.90278981
2017-05-26,2362.17,2683.18,2052.01,2272.7,31755.902624,75147368.716,2366.40632155
2017-05-27,2276.46,2353.35,1913.19,2099.99,32466.1712343,68302919.7236,2103.81813213
2017-05-28,2099.99,2342.99,2099.86,2232.78,18342.6819711,40805239.2023,2224.6059364
2017-05-29,2237.0,2357.86,2141.12,2279.48,16926.3445728,38396946.9636,2268.47248669
2017-05-30,2279.18,2336.88,2112.31,2191.58,20915.9999948,46917317.6233,2243.13050464
2017-05-31,2191.6,2338.91,2173.8,2303.29,21726.930856,48864437.8437,2249.02625077
2017-06-01,2303.61,2488.0,2302.0,2419.99,21390.3350433,51335518.2013,2399.93988395
2017-06-02,2419.98,2478.99,2379.44,2478.99,12890.6588437,31242491.0888,2423.65355158
2017-06-03,2478.99,2599.0,2448.0,2548.05,13441.8887977,34106062.6813,2537.29689291
2017-06-04,2548.3,2556.1,2469.98,2521.36,13820.7930996,34735834.9143,2513.30257706
2017-06-05,2521.43,2698.0,2517.02,2698.0,13599.7689043,35494855.6786,2609.96020802
2017-06-06,2698.0,2938.55,2674.69,2871.29,28609.6469837,80522867.808,2814.53552551
2017-06-07,2871.29,2885.0,2598.7,2685.64,19476.1836909,54121130.7845,2778.83653406
2017-06-08,2690.02,2808.78,2611.41,2799.73,13453.6891597,36838895.0437,2738.20025172
2017-06-09,2799.76,2861.58,2786.2,2811.39,11440.3356156,32338540.3714,2826.71255968
2017-06-10,2811.37,2942.04,2801.25,2931.15,18734.8519055,53812535.3101,2872.32242782
2017-06-11,2931.16,2998.99,2881.0,2998.98,16295.4930364,47843574.154,2936.00040497
2017-06-12,2998.98,2999.99,2463.89,2655.71,38941.1821433,106930332.524,2745.94469502
2017-06-13,2654.36,2798.99,2649.47,2709.01,19716.9741915,53450606.547,2710.89296095
2017-06-14,2709.02,2827.0,2330.0,2432.21,28257.1348577,73602732.3272,2604.74859528
2017-06-15,2432.21,2525.0,2050.0,2409.98,42025.0418809,97513157.5893,2320.35836789
2017-06-16,2409.98,2524.65,2287.84,2480.43,21891.9577182,53321284.4628,2435.65628753
2017-06-17,2480.44,2679.24,2413.96,2634.94,17601.3141096,45165296.3403,2566.01842675
2017-06-18,2634.94,2670.0,2455.01,2515.25,13831.6086485,35342184.4495,2555.17527626
2017-06-19,2515.25,2597.0,2481.92,2596.98,13928.5586851,35569300.1452,2553.69568017
2017-06-20,2596.99,2776.95,2585.42,2725.08,19230.1262207,51537778.3964,2680.05408831
2017-06-21,2725.11,2781.59,2559.51,2643.35,18065.091953,48487828.9098,2684.06211471
2017-06-22,2643.33,2724.69,2598.0,2679.99,12179.5537823,32569335.9512,2674.099276
2017-06-23,2679.93,2743.0,2665.0,2690.76,9674.14014661,26164852.4872,2704.61788755
2017-06-24,2690.76,2718.37,2503.05,2574.84,12808.477965,33580809.3647,2621.76422964
2017-06-25,2574.86,2625.0,2430.05,2505.61,13739.1713358,34797635.3921,2532.73174499
2017-06-26,2505.61,2563.9,2258.34,2407.91,20262.7621529,49050147.5966,2420.70391126
2017-06-27,2407.91,2575.75,2264.0,2575.75,22151.5196208,53020729.5545,2393.5481837
2017-06-28,2573.22,2605.0,2457.0,2553.12,16240.954621,41244844.9403,2539.55792025
2017-06-29,2553.13,2591.98,2506.1,2530.0,9048.16102048,23145384.2011,2558.02081204
2017-06-30,2531.16,2554.01,2446.2,2455.19,11860.9594359,29683670.5851,2502.63654855
2017-07-01,2455.19,2515.0,2400.0,2423.63,8448.08879856,20694732.0337,2449.63476677
2017-07-02,2424.08,2545.0,2385.0,2516.66,9098.28919886,22447053.7807,2467.17303551
2017-07-03,2515.37,2584.78,2479.75,2542.41,10045.8328211,25378228.3131,2526.24434082
2017-07-04,2542.41,2636.1,2542.18,2602.0,10680.5652217,27753299.8227,2598.48605824
2017-07-05,2602.0,2630.24,2551.06,2616.96,10183.6301032,26318265.0397,2584.36969655
2017-07-06,2616.96,2623.54,2580.69,2604.84,8207.99657687,21329883.2738,2598.67107327
2017-07-07,2604.89,2607.61,2472.0,2501.15,11640.7815712,29575549.3563,2540.68416073
2017-07-08,2501.15,2563.5,2471.22,2561.11,7869.88131277,19831644.9617,2519.94206437
2017-07-09,2560.84,2579.84,2500.0,2508.99,5647.43426949,14394516.8397,2548.85956221
2017-07-10,2508.0,2523.0,2250.0,2331.05,15554.0050949,37356077.467,2401.7015064
2017-07-11,2330.93,2410.0,2265.0,2310.01,15670.5506472,36775527.8882,2346.79231866
2017-07-12,2310.0,2415.0,2250.0,2383.42,13834.4719746,32373525.1544,2340.0622166
2017-07-13,2384.35,2416.79,2308.14,2340.0,9541.53943311,22504373.7193,2358.56843406
2017-07-14,2340.0,2349.28,2150.0,2217.24,13549.1778099,30493567.1141,2250.58431898
2017-07-15,2217.02,2224.82,1964.31,1964.31,16334.6886472,33809964.1512,2069.82605432
2017-07-16,1964.33,2043.94,1758.2,1911.78,21740.8927403,41537696.5635,1910.5791588
2017-07-17,1911.79,2238.07,1909.58,2235.19,21436.7645371,44429350.5597,2072.5772531
2017-07-18,2235.14,2393.43,2134.37,2308.15,23795.5941425,54434483.2246,2287.58663888
2017-07-19,2307.48,2396.0,2216.0,2258.99,18567.4761125,42665282.3168,2297.85039486
2017-07-20,2258.99,2957.0,2258.99,2873.48,36509.3058742,95449620.179,2614.39153371
2017-07-21,2873.45,2880.0,2608.27,2657.45,23062.1854295,62824086.6641,2724.11679527
2017-07-22,2661.05,2869.88,2646.95,2825.27,12225.6176368,34067830.3434,2786.59380291
2017-07-23,2825.27,2848.0,2691.0,2754.28,10194.9747502,28293306.2137,2775.22082271
2017-07-24,2755.19,2799.2,2726.8,2762.26,8105.64511248,22360155.8826,2758.59053441
2017-07-25,2761.68,2782.44,2449.69,2564.0,19195.8226074,49815220.1917,2595.1073424
2017-07-26,2564.0,2614.0,2403.0,2525.99,13019.0345414,32485729.2087,2495.2487149
2017-07-27,2525.98,2686.2,2514.1,2664.99,10034.5270657,25897539.563,2580.8430625
2017-07-28,2664.99,2825.11,2655.55,2786.07,17189.246742,47197268.7773,2745.7438645
2017-07-29,2786.07,2790.99,2656.0,2700.21,9860.13224068,26775438.2937,2715.5252729
2017-07-30,2700.2,2739.98,2500.0,2723.99,8460.182768,22594318.8123,2670.66556739
2017-07-31,2723.99,2900.0,2700.0,2856.88,11462.1802407,31947433.2773,2787.20388324
2017-08-01,2856.89,2925.0,2676.01,2732.59,9772.96947501,27342888.5676,2797.80763028
2017-08-02,2731.6,2758.06,2650.0,2699.9,8422.27537735,22814724.1808,2708.85516783
2017-08-03,2699.9,2799.0,2699.89,2787.02,7425.95745626,20433851.1548,2751.67899563
2017-08-04,2787.05,2877.79,2760.0,2857.34,7714.98047973,21825342.4545,2828.95627693
2017-08-05,2857.34,3335.0,2857.34,3243.49,21614.6006112,67979785.0298,3145.0863355
2017-08-06,3243.5,3278.42,3150.0,3222.22,8666.20078218,27929636.5345,3222.82361515
2017-08-07,3222.22,3416.0,3190.0,3398.23,11325.4162028,37838095.0444,3340.98936117
2017-08-08,3398.23,3489.0,3349.91,3422.43,16014.0063827,54756710.0351,3419.30112469
2017-08-09,3423.28,3428.29,3232.62,3342.8,13076.1462708,43643606.8773,3337.65055649
2017-08-10,3342.8,3448.0,3317.0,3444.98,9348.35914865,31829329.681,3404.80389926
2017-08-11,3444.98,3725.0,3416.86,3656.15,15315.7523613,54391342.9614,3551.33340357
2017-08-12,3656.14,3974.0,3622.87,3874.0,18972.1433559,72226485.8106,3806.97554597
2017-08-13,3874.0,4200.0,3850.0,4060.47,23522.1419857,94871177.4754,4033.27118479
2017-08-14,4060.47,4328.0,3985.01,4320.6,20059.9619684,84519281.799,4213.33210562
2017-08-15,4320.53,4434.42,3807.14,4159.93,32018.1615555,132286457.099,4131.6068966
2017-08-16,4159.93,4385.5,3928.82,4370.01,17969.6262063,75355080.3838,4193.46955348
2017-08-17,4370.01,4469.0,4180.0,4280.01,19980.891605,86599486.2154,4334.11521003
2017-08-18,4280.01,4350.0,3960.47,4101.72,20823.0514155,86770759.7587,4167.05304267
2017-08-19,4101.72,4186.1,4000.0,4157.41,10502.7408246,43022214.0472,4096.28446188
2017-08-20,4157.41,4190.21,4044.52,4050.99,8331.87235879,34205775.2958,4105.41278392
2017-08-21,4050.99,4089.99,3950.88,4002.0,12417.6570755,49939096.7881,4021.61989853
2017-08-22,4002.0,4145.0,3583.46,4092.0,21922.4973103,85579209.6845,3903.71628164
2017-08-23,4092.0,4247.88,4058.26,4143.49,11746.0041498,48769205.0135,4151.98261396
2017-08-24,4142.5,4349.99,4112.76,4312.03,10247.9842091,43203072.2131,4215.76295704
2017-08-25,4312.03,4453.9,4284.01,4360.0,10917.6551338,47644572.9026,4363.99321271
2017-08-26,4360.0,4374.39,4260.01,4344.32,6093.36759352,26297280.4832,4315.72198454
2017-08-27,4344.32,4392.0,4309.87,4340.11,7019.13912144,30518530.089,4347.90215167
2017-08-28,4343.5,4396.0,4200.0,4384.99,10012.1387004,43187861.6179,4313.55007258
2017-08-29,4384.99,4649.85,4350.0,4599.0,14203.8586152,64137789.0877,4515.51869286
2017-08-30,4599.01,4635.21,4500.55,4581.98,10166.3452288,46561773.1458,4579.9913438
2017-08-31,4581.98,4769.03,4580.85,4743.94,13327.5382189,62534296.0309,4692.11155158
2017-09-01,4743.94,4948.0,4706.0,4947.99,16567.1439796,79969231.5876,4826.97752166
2017-09-02,4948.0,4980.0,4500.0,4649.99,19156.7178469,90178718.8897,4707.4201129
2017-09-03,4642.39,4749.99,4524.0,4626.05,11373.3448057,52682575.1815,4632.10920636
2017-09-04,4626.05,4628.05,4234.16,4498.25,19936.7107612,88463063.9905,4437.19453275
2017-09-05,4498.46,4514.95,4242.38,4432.51,16952.9423555,74409329.8901,4389.16904981
2017-09-06,4432.51,4692.0,4431.0,4616.18,15812.6287988,72330621.6185,4574.23130202
2017-09-07,4616.18,4665.44,4475.01,4624.18,8432.4720984,38678439.79,4586.84468074
2017-09-08,4624.18,4679.99,4140.0,4350.0,21470.798218,94053466.406,4380.5295663
2017-09-09,4350.0,4449.95,4180.0,4334.36,9821.85395009,42369656.9798,4313.8146011
2017-09-10,4334.36,4349.99,4139.0,4251.36,10063.4071278,42684168.2534,4241.5225491
2017-09-11,4251.36,4365.0,4111.14,4210.72,9034.12145653,38124335.5902,4220.037972
2017-09-12,4210.72,4375.37,4080.0,4164.52,12028.7842704,50782046.0769,4221.71060144
2017-09-13,4164.52,4174.53,3726.0,3855.32,22212.9847078,87008593.4363,3917.01496134
2017-09-14,3855.61,3923.0,3230.05,3250.4,35025.3930271,122719034.882,3503.71614065
2017-09-15,3249.99,3894.48,2975.01,3740.02,53008.9928548,182659798.968,3445.82662546
2017-09-16,3740.02,4034.0,3600.0,3726.51,18584.8172829,70270003.3073,3781.04353879
2017-09-17,3726.51,3841.0,3475.64,3719.97,11596.7067027,42626967.7713,3675.78217369
2017-09-18,3719.98,4130.0,3717.56,4100.0,16776.5155237,66613439.4144,3970.63617413
2017-09-19,4100.0,4125.22,3850.44,3910.11,13347.2123643,52962370.1829,3968.04731485
2017-09-20,3910.11,4044.0,3850.01,3872.06,9671.87336049,38107978.7798,3940.08248034
2017-09-21,3872.07,3903.57,3571.0,3617.47,14534.9176435,54358409.2103,3739.84982535
2017-09-22,3617.47,3767.77,3509.79,3619.01,12446.9056822,45075821.106,3621.44795315
2017-09-23,3619.01,3818.89,3580.0,3787.33,6445.28166685,24056454.9317,3732.41328698
2017-09-24,3787.33,3789.36,3630.01,3669.01,4546.42149727,16837635.4683,3703.4919614
2017-09-25,3669.01,3969.37,3669.01,3919.78,9267.07517531,35777342.4168,3860.69409603
2017-09-26,3919.98,3960.0,3854.29,3885.09,5821.31255893,22805590.3134,3917.60278847
2017-09-27,3885.09,4228.39,3880.36,4200.0,11640.0602197,47566295.6473,4086.4303749
2017-09-28,4200.0,4269.95,4122.0,4189.42,7709.04399829,32286685.0535,4188.15680137
2017-09-29,4189.42,4212.99,4015.17,4156.99,10033.6578657,41472860.1121,4133.37395665
2017-09-30,4156.99,4356.28,4143.52,4339.0,6138.37104434,26257887.184,4277.66373103
2017-10-01,4339.01,4396.99,4256.92,4394.81,5282.9371896,22821301.7413,4319.81318768
2017-10-02,4394.81,4470.0,4354.99,4392.71,8356.63946758,36790406.9928,4402.53610743
2017-10-03,4392.71,4419.95,4242.42,4307.99,9978.55068808,43037235.6983,4312.97460359
2017-10-04,4307.99,4344.0,4179.99,4214.84,6173.05452519,26196419.6714,4243.67216659
2017-10-05,4214.84,4364.59,4150.01,4320.04,6422.15297288,27446374.3893,4273.70299419
2017-10-06,4320.02,4407.0,4299.99,4362.99,6293.45610663,27457320.9958,4362.83665613
2017-10-07,4363.0,4449.42,4320.0,4425.0,4002.01147439,17478803.6288,4367.50462626
2017-10-08,4425.0,4612.0,4420.01,4603.49,6993.2159017,31662446.9954,4527.59466324
2017-10-09,4603.5,4875.39,4561.0,4769.55,13939.3367697,65722671.9231,4714.90667087
2017-10-10,4769.55,4925.65,4701.53,4750.0,13399.5061146,64669486.0561,4826.25893094
2017-10-11,4750.0,4869.97,4720.21,4814.99,7193.55895361,34515754.3519,4798.14714448
2017-10-12,4814.99,5440.92,4809.68,5440.0,19723.6757041,101791340.527,5160.87072481
2017-10-13,5440.0,5867.0,5390.0,5624.8,25796.0445403,144976814.051,5620.11799231
2017-10-14,5624.87,5839.8,5567.86,5819.13,8885.46470078,50552007.4652,5689.2924757
2017-10-15,5819.13,5849.83,5455.5,5693.7,11499.1111828,64647971.5719,5621.99726085
2017-10-16,5693.7,5785.3,5575.55,5754.9,8727.09962807,49664468.9735,5690.83327681
2017-10-17,5754.9,5769.99,5525.0,5594.0,8597.44769985,48329479.9155,5621.37527354
2017-10-18,5593.97,5600.0,5102.0,5574.44,17122.4821959,92182524.5973,5383.71268504
2017-10-19,5574.02,5750.0,5529.44,5704.01,8726.39999503,49380210.9866,5658.71505028
2017-10-20,5704.0,6063.99,5630.0,5989.1,16188.2169166,95584663.2305,5904.58255672
2017-10-21,5989.1,6189.1,5868.26,6024.86,14150.9597867,85900754.5733,6070.31295886
2017-10-22,6024.85,6082.3,5755.95,6005.05,10379.6905987,61383296.6397,5913.78866799
2017-10-23,6005.05,6057.02,5650.98,5905.99,16160.3189646,94505279.2817,5847.9835385
2017-10-24,5906.0,5906.0,5462.19,5525.43,17655.1918868,99765056.6572,5650.74892965
2017-10-25,5525.43,5765.0,5376.71,5739.97,13696.6581209,75940205.8332,5544.43318677
2017-10-26,5739.97,5985.0,5701.0,5891.61,11288.611495,66088885.7169,5854.47428551
2017-10-27,5891.61,5998.0,5708.8,5780.0,9100.89772493,52918117.1964,5814.60409685
2017-10-28,5780.0,5894.0,5715.0,5752.01,5397.40052699,31165923.4145,5774.24692844
2017-10-29,5752.01,6290.69,5728.0,6140.01,11942.8108574,72055569.6258,6033.38447592
2017-10-30,6140.01,6200.0,6028.0,6124.16,8066.60858324,49310380.7994,6112.90113938
2017-10-31,6124.16,6472.13,6099.0,6445.01,14123.3362603,89248888.9795,6319.24973921
2017-11-01,6445.01,6783.69,6363.59,6783.69,20322.2586614,133293773.218,6559.00387054
2017-11-02,6783.69,7445.0,6759.0,7039.98,34174.2868889,239156159.843,6998.13168362
2017-11-03,7039.99,7449.99,6955.89,7170.01,23207.1602682,168048218.765,7241.22283047
2017-11-04,7170.01,7498.0,7011.1,7412.55,13409.8690466,97904539.0941,7300.93178046
2017-11-05,7412.35,7630.0,7310.0,7392.0,15538.9849291,116395314.725,7490.53527342
2017-11-06,7391.95,7432.49,6900.73,6969.76,23458.8531088,167921162.368,7158.11474624
2017-11-07,6969.76,7232.84,6968.49,7126.63,14167.9642054,100555723.293,7097.40099811
2017-11-08,7128.99,7898.0,7031.66,7467.96,36746.1731536,272613129.332,7418.81687087
2017-11-09,7467.97,7470.01,7079.0,7156.0,17509.4072182,126682906.979,7235.13397118
2017-11-10,7156.0,7350.0,6426.0,6577.62,32791.1719183,223023110.18,6801.31563262
2017-11-11,6577.63,6894.99,6201.01,6346.7,24975.5770996,161696364.874,6474.17932445
2017-11-12,6346.64,6486.0,5511.11,5886.35,49610.2852667,298525462.818,6017.41072871
2017-11-13,5886.35,6841.45,5850.0,6535.87,35150.8905255,224596217.133,6389.4886808
2017-11-14,6535.87,6748.0,6464.64,6605.0,19505.257774,128729345.115,6599.72539747
2017-11-15,6605.0,7349.0,6605.0,7294.0,27327.1284653,193024708.734,7063.48305052
2017-11-16,7294.0,7985.37,7130.0,7838.53,28404.999214,214993745.259,7568.8699598
2017-11-17,7838.54,7988.5,7536.0,7714.71,23950.8477411,187290409.41,7819.78205677
2017-11-18,7714.7,7847.98,7502.0,7777.01,14531.7006631,111676672.782,7685.03806756
2017-11-19,7777.01,8098.62,7700.0,8031.82,14085.4833982,111595386.42,7922.72322253
2017-11-20,8031.83,8293.25,7969.0,8256.01,15479.8961619,126479984.708,8170.59645525
2017-11-21,8256.01,8375.0,7802.99,8109.0,29504.8066982,239617882.069,8121.31679154
2017-11-22,8109.0,8298.98,8103.13,8250.0,13107.9400888,107439055.55,8196.48661974
2017-11-23,8250.0,8274.98,8031.16,8031.16,11685.6896442,95602227.3138,8181.13694823
2017-11-24,8031.16,8324.0,7900.0,8215.01,14213.6286885,116296487.968,8182.04066794
2017-11-25,8215.01,8795.5,8203.98,8795.5,16239.7909316,138404574.912,8522.55891071
2017-11-26,8795.5,9596.0,8795.5,9401.11,27568.0196716,253816538.997,9206.91954012
2017-11-27,9401.11,9795.0,9401.01,9768.71,24642.0982679,237829776.608,9651.36061153
2017-11-28,9768.71,9989.95,9705.99,9949.0,18393.0818191,181959821.389,9892.84031783
2017-11-29,9949.0,11485.0,8595.55,9935.98,66345.9012095,687912684.224,10368.5784906
2017-11-30,9920.81,10850.0,9135.6,9903.0,39976.7353921,397381921.459,9940.32948318
2017-12-01,9903.01,10937.0,9517.0,10869.84,32352.8398659,333013738.211,10293.1841406
2017-12-02,10869.85,11100.0,10701.0,10930.24,19500.134341,213449568.357,10946.0563001
2017-12-03,10930.24,11891.0,10601.0,11290.0,30111.5373455,340796548.891,11317.8063605
2017-12-04,11290.0,11650.0,10950.0,11643.98,19535.8031822,222497452.171,11389.2144641
2017-12-05,11643.99,11875.0,11532.0,11718.35,17076.4065421,200320671.352,11730.844593
2017-12-06,11718.34,14425.0,11717.5,14090.0,48284.09948366,624554202.21556,12934.987063949
2017-12-07,14090.0,19697.0,13500.0,17390.01,79693.68002197,1268187323.405,15913.273462279
2017-12-08,17390.01,17777.69,13788.99,16367.03,63728.14741812,1029100423.1758,16148.287136355
2017-12-09,16367.03,16499.0,13550.0,15309.98,37269.62774065,568859624.25141,15263.356752849
2017-12-10,15309.99,16300.0,13501.0,15290.01,45816.31399643,679938597.2099,14840.534689519
2017-12-11,15290.01,17493.0,15200.0,16885.76,36371.69042621,606575426.15026,16677.130456196
2017-12-12,16885.76,18149.99,16375.0,17730.12,33418.06002388,576130023.33666,17240.079852779
2017-12-13,17730.12,17900.0,15700.0,16689.61,29024.66057228,493512661.45369,17003.219046256
2017-12-14,16689.62,17199.6,16256.0,16749.78,15556.18142255,260638600.67573,16754.664502556
2017-12-15,16749.79,17899.0,16745.0,17738.67,27651.39363337,483915582.77539,17500.585655523
2017-12-16,17738.68,19797.0,17630.0,19650.01,24347.99140786,456949253.40065,18767.431191599
2017-12-17,19650.02,19891.99,19010.0,19378.99,21169.97972473,411875252.50028,19455.628104317
2017-12-18,19378.99,19385.0,18200.0,19039.01,25749.17366857,483564096.29031,18779.790859097
2017-12-19,19039.01,19099.0,16800.0,17838.73,31731.28611452,572648229.73729,18046.801748614
2017-12-20,17838.73,17890.0,14001.0,16496.89,47290.58749861,786324835.06279,16627.512506287
2017-12-21,16496.9,17364.57,15151.0,15758.8,28525.33288906,458450959.94271,16071.712878013
2017-12-22,15758.8,15974.95,10400.0,14210.57,102472.32820159,1391747584.5784,13581.691847974
2017-12-23,14229.47,16261.0,13750.0,15075.89,30274.07753581,456620764.1961,15082.896040548
2017-12-24,15075.89,15109.27,13210.0,14221.94,24420.53871296,345297142.90558,14139.620217401
2017-12-25,14221.93,14774.0,13500.0,14171.98,14636.03232474,207053878.87716,14146.858539467
2017-12-26,14171.99,16148.0,14171.98,15790.88,22226.11905692,344345492.66393,15492.830384921
2017-12-27,15790.88,16490.0,14524.37,15367.08,24478.16299742,379707231.66825,15512.080367643
2017-12-28,15360.01,15489.0,13500.0,14450.01,30988.58581608,442474465.18813,14278.627227917
2017-12-29,14450.01,15105.34,14041.81,14565.05,18227.2439298,266244043.47098,14606.928205734
2017-12-30,14565.04,14639.79,12500.0,12839.99,28471.49638147,383451777.44096,13467.917959188
2017-12-31,12839.98,14280.26,12633.8,13863.13,18299.94869442,246520550.33969,13471.106091946
2018-01-01,13863.14,13889.0,12952.5,13480.01,12058.2730029,161866088.26754,13423.65430179
2018-01-02,13480.0,15275.0,13005.0,14781.51,26096.44100056,369898031.42068,14174.271174094
2018-01-03,14781.52,15400.0,14628.0,15098.14,17616.32767699,264226447.75959,14998.951688706
2018-01-04,15098.23,15400.0,14230.0,15144.99,19567.01678341,290904496.20754,14867.084718514
2018-01-05,15145.0,17178.0,14819.78,16960.01,22588.04630674,361988826.88015,16025.681104264
2018-01-06,16960.01,17174.0,16251.01,17098.99,13744.80442797,229688463.03388,16710.929881728
2018-01-07,17099.0,17115.01,15755.01,16174.22,12201.37715948,200282525.65652,16414.747535356
2018-01-08,16174.22,16275.0,14000.0,14993.74,22800.55320711,344213244.78805,15096.705841362
2018-01-09,14993.73,15384.0,14230.0,14480.99,14965.72715303,221138325.52158,14776.316797731
2018-01-10,14481.0,14875.18,13550.01,14875.18,22510.87744977,320091716.65067,14219.424247896
2018-01-11,14875.17,14970.0,12800.01,13308.06,28464.45553674,386458211.0398,13576.8699507
2018-01-12,13308.06,14080.83,12900.0,13820.0,14666.89121707,199523985.5044,13603.699826463
2018-01-13,13820.0,14500.0,13792.25,14187.95,10349.32005343,146986160.91035,14202.494478044
2018-01-14,14187.94,14332.85,13110.0,13656.23,10624.99666204,144857583.48878,13633.659199755
2018-01-15,13656.23,14253.0,13416.0,13590.0,10378.70640469,143554131.23089,13831.601515004
2018-01-16,13590.0,13643.66,9928.62,11570.01,61313.42205536,719740439.74162,11738.709333362
2018-01-17,11570.01,12358.89,9005.0,11200.01,63279.70962919,666395653.59475,10530.953089067
2018-01-18,11204.64,12123.1,10687.21,11305.53,29752.41885123,343809906.08591,11555.695952153
2018-01-19,11305.53,11973.99,11050.0,11498.99,15752.90407142,180592557.84967,11464.080339149
2018-01-20,11499.0,12985.55,11498.99,12762.8,18396.268628,228064283.68105,12397.312101321
2018-01-21,12762.8,12762.8,11118.0,11518.17,16086.38280693,190384806.40821,11835.153290408
2018-01-22,11518.17,11849.0,10025.0,10766.7,24031.0499371,258974168.64747,10776.648100076
2018-01-23,10766.7,11370.0,9945.0,10824.94,21601.67935743,231570051.38533,10720.002253236
2018-01-24,10824.95,11450.0,10450.0,11356.79,14927.54730569,163938669.25923,10982.291055728
2018-01-25,11356.8,11690.0,10851.0,11118.0,13422.78196351,151568658.44372,11291.896035841
2018-01-26,11118.0,11570.0,10305.0,11086.89,18615.72867361,203477904.2764,10930.429200166
2018-01-27,11086.88,11494.08,10850.0,11319.0,11988.79327231,134447215.02717,11214.407653329
2018-01-28,11319.0,11695.0,11234.38,11536.0,13323.54943897,152577361.9364,11451.705315862
2018-01-29,11536.0,11570.0,10840.0,11123.01,10971.80887723,122239059.02134,11141.194709928
2018-01-30,11123.01,11150.0,9711.11,9995.0,27217.29677367,280150899.21581,10293.119906266
2018-01-31,9995.0,10299.95,9601.02,10099.99,19226.86943543,190446577.46145,9905.2307033669
2018-02-01,10099.99,10166.25,8400.0,9014.23,37608.90616107,343161590.12187,9124.4767569733
2018-02-02,9014.22,9090.08,7540.0,8787.52,51286.51060222,432734698.17536,8437.592908819
2018-02-03,8787.52,9499.0,8124.09,9240.0,23450.25818934,209448451.76308,8931.6053610997
2018-02-04,9227.8,9350.0,7859.0,8167.91,23838.08275575,202871206.00465,8510.3826546503
2018-02-05,8167.9,8349.16,6425.75,6905.19,59108.75728185,429085298.87248,7259.2508894487
2018-02-06,6905.2,7948.89,5873.0,7688.46,91326.35939673,623418281.83627,6826.2688445521
2018-02-07,7688.47,8650.0,7212.82,7575.75,50367.90147186,399710848.82506,7935.8249429624
2018-02-08,7575.76,8625.0,7560.0,8218.1,30869.56826027,252654430.11578,8184.5793237397
2018-02-09,8218.07,8700.0,7750.0,8671.01,26963.58613189,222090466.08456,8236.6813152458
2018-02-10,8671.0,9090.0,8155.0,8547.49,24529.62172546,211873871.67888,8637.4699964889
2018-02-11,8547.48,8547.49,7851.0,8072.99,16524.51877237,135223690.36743,8183.2150291437
2018-02-12,8073.0,8950.0,8072.99,8872.28,19309.00543783,166530150.71297,8624.4810096075
2018-02-13,8872.27,8925.0,8393.1,8520.01,13672.41276375,117948793.22331,8626.7724110869
2018-02-14,8520.01,9482.5,8520.0,9472.98,23933.10430919,217831630.64008,9101.6872623763
2018-02-15,9472.98,10249.81,9342.46,10031.23,31730.89229108,312248256.33871,9840.5129447459
2018-02-16,10031.23,10307.68,9729.58,10167.49,17438.74886126,175027823.64143,10036.719092288
2018-02-17,10167.49,11149.0,10057.0,11121.5,20431.43320623,218617672.18153,10700.065432261
2018-02-18,11121.5,11299.1,10159.0,10380.04,26240.20902678,282171683.70323,10753.408382351
2018-02-19,10380.03,11274.11,10297.39,11140.0,17095.68740382,186249280.28547,10894.518359282
2018-02-20,11140.0,11775.0,11000.0,11235.57,27969.67071447,320414405.6008,11455.78040127
2018-02-21,11235.57,11279.99,10250.0,10454.27,29179.36483105,313753631.89448,10752.586072765
2018-02-22,10453.83,10900.0,9715.27,9830.0,27767.58652603,282511289.05799,10174.139145768
2018-02-23,9830.0,10390.77,9576.43,10144.99,20353.33556016,203252409.97352,9986.1965805431
2018-02-24,10144.99,10494.14,9372.72,9688.62,19329.77722172,191328159.11468,9898.1047179216
2018-02-25,9688.61,9850.0,9324.75,9597.99,11490.25429043,109940761.45366,9568.1747918521
2018-02-26,9600.0,10447.74,9404.0,10300.0,18385.4857978,184650824.12396,10043.293179996
2018-02-27,10300.0,10845.07,10133.33,10566.57,17759.16669034,187292355.86661,10546.23559384
2018-02-28,10556.3,11044.0,10263.0,10307.27,18942.78036501,201609026.24044,10643.053572687
2018-03-01,10307.26,11075.0,10213.99,10895.92,15010.86224838,160780535.92123,10710.946064313
2018-03-02,10895.93,11149.0,10765.0,11000.0,13512.71965882,148399145.00002,10982.181880992
2018-03-03,11000.01,11494.57,11000.0,11432.5,12837.38913174,145282122.60346,11317.108261854
2018-03-04,11432.51,11487.0,11041.0,11469.9,8346.320417,94057817.894198,11269.375388778
2018-03-05,11469.9,11645.74,11339.0,11377.54,10816.70517311,124614663.79541,11520.575055073
2018-03-06,11371.5,11395.63,10565.85,10700.0,17778.11886993,194793152.60338,10956.904610018
2018-03-07,10700.0,10894.0,9400.0,9925.0,31916.18392282,321181189.58585,10063.270419877
2018-03-08,9925.0,10098.0,9050.0,9304.89,22928.72723415,219664417.844,9580.3144937252
2018-03-09,9304.9,9410.0,8370.0,9255.0,41404.15298376,367524889.14615,8876.5223452417
2018-03-10,9255.0,9518.77,8720.08,8795.44,17098.8417634,157181261.81825,9192.5092935066
2018-03-11,8795.45,9760.0,8516.0,9533.88,21541.01519576,197951367.67635,9189.5096808304
2018-03-12,9533.88,9890.0,8780.49,9120.0,21095.76740321,196791637.85869,9328.4891749775
2018-03-13,9120.0,9472.88,8855.0,9145.41,17000.21994764,155562940.85011,9150.6428345771
2018-03-14,9145.42,9340.0,7931.0,8207.02,27337.45681822,233647674.3524,8546.796284162
2018-03-15,8207.02,8400.0,7666.0,8259.99,27486.32742709,221822616.68355,8070.2893928611
2018-03-16,8260.0,8600.0,7911.0,8275.0,16815.73803254,139926986.35514,8321.1920930478
2018-03-17,8274.09,8349.82,7751.0,7857.6,13342.86725445,107000563.42176,8019.3080978211
2018-03-18,7857.59,8302.73,7310.0,8192.0,30124.84139305,231026326.18971,7668.9640677413
2018-03-19,8192.0,8757.5,8108.31,8589.0,25169.31429473,211154593.77246,8389.3661662713
2018-03-20,8589.0,9046.26,8316.99,8900.0,20066.81979469,174664986.10253,8704.1687666299
2018-03-21,8900.0,9174.0,8745.0,8891.81,15573.24100713,139476613.08572,8956.1712312715
2018-03-22,8891.81,9073.93,8467.27,8715.09,14827.2495554,129493830.5933,8733.5031429438
2018-03-23,8715.09,8927.81,8280.04,8927.1,15008.37198254,128174093.65531,8540.1730317203
2018-03-24,8927.8,8999.0,8508.0,8531.34,11663.49278624,102800730.20883,8813.8889518681
2018-03-25,8531.96,8670.0,8359.99,8453.0,8885.00055372,75671051.57571,8516.718836222
2018-03-26,8453.0,8498.0,7854.0,8145.0,19189.19900686,155396675.303,8098.1324570892
2018-03-27,8144.99,8219.99,7757.0,7793.61,14599.81192849,116213975.93002,7959.963902223
2018-03-28,7793.61,8088.0,7727.76,7942.72,10728.12370938,84815490.418615,7905.9016018298
2018-03-29,7942.73,7957.0,6905.0,7080.0,27496.88293434,202710903.28758,7372.1411903901
2018-03-30,7080.0,7275.35,6600.0,6848.01,28517.24549587,195618014.73422,6859.6391878926
2018-03-31,6848.01,7200.0,6780.0,6928.5,14522.62120412,101935803.57491,7019.1050322232
2018-04-01,6928.5,7044.46,6450.0,6816.01,15157.92388495,102225568.35271,6744.0349436114
2018-04-02,6816.01,7100.0,6777.28,7045.01,14059.82464964,98181331.807365,6983.1121122751
2018-04-03,7045.01,7520.0,7016.8,7424.9,18367.38965213,134346588.7236,7314.4083763703
2018-04-04,7424.91,7424.91,6708.46,6791.68,14646.40958116,102603037.46539,7005.3371713276
2018-04-05,6791.68,6933.11,6568.64,6809.7,13845.07634267,93270124.196394,6736.6998843437
