<application>
  <component name="ProjectManager">
    <defaultProject>
      <component name="ProjectInspectionProfilesVisibleTreeState">
        <entry key="Project Default">
          <profile-state>
            <expanded-state>
              <State>
                <id />
              </State>
              <State>
                <id>Python</id>
              </State>
            </expanded-state>
            <selected-state>
              <State>
                <id>PyPep8Inspection</id>
              </State>
            </selected-state>
          </profile-state>
        </entry>
      </component>
      <component name="ProjectRootManager" version="2" project-jdk-name="Python 3.6" project-jdk-type="Python SDK" />
      <component name="PropertiesComponent">
        <property name="last_opened_file_path" value="$USER_HOME$/PYTHON36/Scripts" />
        <property name="options.lastSelected" value="preferences.sourceCode.Python" />
        <property name="options.searchVisible" value="true" />
        <property name="options.splitter.details.proportions" value="0.2" />
        <property name="options.splitter.main.proportions" value="0.3" />
        <property name="settings.editor.selected.configurable" value="com.jetbrains.python.configuration.PyActiveSdkModuleConfigurable" />
      </component>
      <component name="PyConsoleOptionsProvider">
        <option name="myPythonConsoleState">
          <console-settings is-module-sdk="true">
            <option name="myUseModuleSdk" value="true" />
          </console-settings>
        </option>
      </component>
      <component name="VcsContentAnnotationSettings">
        <option name="myLimit" value="2678400000" />
      </component>
      <component name="VcsManagerConfiguration">
        <option name="myTodoPanelSettings">
          <TodoPanelSettings />
        </option>
      </component>
      <component name="hg4idea.settings">
        <option name="CHECK_INCOMING_OUTGOING" value="false" />
      </component>
    </defaultProject>
  </component>
</application>